ISBN,Autor,Titulo,Editora,Ano,Estante,Preco,Idioma,Capa,Peso,Dimensoes,Paginas
9788521310891,Nobel,Estrelas e Planetas: Guia Prático,Nobel,1999,Astronomia,15,Português,Dura,251,19 x 15 cm,64
9788520919866,Michael J. Losier,A lei da Atração: O Segredo Colocado em Prática,Nova Fronteira,2007,Autoajuda,10,Português,Comum,246,21 x 14 cm,192
9788575424483,Malcolm Gladwell,Fora de Série: Outliers,Sextante,2008,Autoajuda,20,Português,Comum,385,21 x 14 cm,288
ND,Pandiá Pându; Ana Pându,Que Nome Darei ao Meu Filho?,Ediouro,1977,Autoajuda,10,Português,Comum,374,20 x 15 cm,290
9788568014325,Dr. Joe Dispenza,Quebrando o Hábito de Ser Você Mesmo,Citadel,2018,Autoajuda,20,Português,Comum,497,23 x 16 cm,352
97885280042280,Maximo Gorki,Como Aprendi a Escrever,Mercado Aberto,1998,Biografias,10,Português,Comum,69,15 x 10 cm,68
9786559980390,Czeslaw Milosz,Mente Cativa,Âyiné,2022,Biografias,50,Português,Comum,386,22 x 14 cm,292
9788562684005,Gustavo M. Baptista,Aquecimento Global: Ciência ou Religião?,Interlândia,2009,Ciências,40,Português,Comum,358,23 x 16 cm,188
9788526217379,Machado de Assis; Outros,A Palavra é... Interior,Scipione,1991,Contos,10,Português,Comum,160,21 x 14 cm,120
9788598581057,Alberico Rodrigues,Banquete de Contos e Poesias,Mentes Raras,2008,Contos,10,Português,Comum,265,22 x 15 cm,150
ND,Machado de Assis,Contos,Objetivo,ND,Contos,10,Português,Comum,157,21 x 14 cm,120
ND,Oscar Wilde,Contos,LDA,1988,Contos,10,Português,Comum,88,18 x 13 cm,96
9788578990541,Irineu Borges do Nascimento,Contos & Patacoadas,In House,2011,Contos,10,Português,Comum,312,21 x 14 cm,200
ND,Altair Oliveira; Outros,Contos da Terra... Contos da Garoa,Voz do Cenáculo,ND,Contos,10,Português,Comum,197,21 x 14 cm,148
9788532515148,William Bernhardt; Outros,Contos Legais,Rocco,2003,Contos,10,Português,Comum,420,21 x 14 cm,338
9788574801414,Rodrigo Penteado,Corrupção: 18 Contos,Ateliê,2002,Contos,10,Português,Comum,290,21 x 14 cm,200
ND,Lima Barreto,O Homem que Sabia Javanês,EDUSC,1999,Contos,10,Português,Comum,44,16 x 10 cm,28
9788526000261,Rubem Braga,Os Melhores Contos,Global,1997,Contos,10,Português,Comum,220,21 x 14 cm,164
9788561784782,J. Setta,Peito Aberto,Pandorga,2014,Contos,10,Português,Comum,150,21 x 14 cm,112
9788567293455,Guilherme Oli; Outros,Remetente N. 15,Letras e Versos,2015,Contos,10,Português,Comum,325,23 x 16 cm,176
9788574022000,Celso Furtado,Formação Econômica do Brasil,Publifolha,2000,Economia,10,Português,Dura,376,21 x 13 cm,276
9788574022840,Stephen Brookson,Como Entender a Contabilidade,Publifolha,2001,Exatas,10,Português,Comum,136,18 x 13 cm,72
ND,Eduardo Almeira Reis,A Arte de Amolar o Boi,Círculo do Livro,ND,Ficção Brasileira,10,Português,Dura,333,20 x 13 cm,188
ND,Origenes Lessa; Teixeira Mendes,A Cigarra e a Revolta das Formigas,Edicoes de Ouro,1978,Ficção Brasileira,10,Português,Comum,113,16 x 11 cm,144
ND,Antonio Sampaio Dória,A Educação pela Espada,Ysayama,ND,Ficção Brasileira,10,Português,Comum,380,21 x 14 cm,312
9788508044474,Bernardo Guimarães,A Escrava Isaura,Atica,1995,Ficção Brasileira,10,Português,Comum,200,21 x 14 cm,134
ND,Bernardo Guimarães,A Escrava Isaura,LDA,1988,Ficção Brasileira,10,Português,Comum,89,18 x 13 cm,96
ND,Eça de Queirós,A Ilustre Casa de Ramires,Formar,1973,Ficção Brasileira,10,Português,Dura,428,22 x 15 cm,208
9788508043101,Joaquim Manuel de Macedo,A Moreninha,Atica,1996,Ficção Brasileira,10,Português,Comum,206,21 x 14 cm,136
ND,Joaquim Manuel de Macedo,A Moreninha; a Luneta Mágica,Tres,1972,Ficção Brasileira,10,Português,Dura,522,21 x 14 cm,312
ND,Roberto Drummond,A Morte de D. J. Em Paris,Ática,1977,Ficção Brasileira,10,Português,Comum,162,21 x 14 cm,98
ND,Jorge Edwards,A Mulher Imaginária,Rocco,1988,Ficção Brasileira,10,Português,Comum,373,21 x 14 cm,312
9788598581026,Alberico Rodrigues,A Saga de um Baiano na Cidade de São Paulo,Mentes Raras,2010,Ficção Brasileira,10,Português,Comum,390,21 x 16 cm,260
9788581300986,Vinícius Pinheiro,Abandonado,Geração Editorial,2015,Ficção Brasileira,10,Português,Comum,290,23 x 16 cm,186
9788587588012,Laé de Souza,Acontece...,Ecoarte,2011,Ficção Brasileira,10,Português,Comum,210,21 x 14 cm,128
9788525040329,Jean Wyllys,Ainda Lembro,Globo,2005,Ficção Brasileira,10,Português,Comum,200,21 x 14 cm,202
ND,José de Alencar,Alfarrabios; o Garatuja; o Ermitão da Glória; Outros,Formar,1971,Ficção Brasileira,10,Português,Dura,566,22 x 15 cm,278
9788575090183,Ana Ferreira,Amadora,Geração Editorial,2001,Ficção Brasileira,10,Português,Comum,260,21 x 14 cm,150
9788582790298,Richard Simonetti,Amor de Provação,Ceac,2016,Ficção Brasileira,10,Português,Comum,330,21 x 14 cm,256
9788587588104,Laé de Souza,"As 50 Melhores Crônicas do Ler é Bom, Experimente!",Ecoarte,2010,Ficção Brasileira,10,Português,Comum,180,21 x 14 cm,96
9788508036356,Emanuel da Veiga Garcia,As Duas Argentinas,Atica,1990,Ficção Brasileira,10,Português,Comum,98,18 x 12 cm,24
9788535919752,Jô Soares,As Esganadas,Companhia das Letras,2011,Ficção Brasileira,10,Português,Comum,396,21 x 14 cm,262
ND,José de Alencar,As Minas de Prata,Formar,1971,Ficção Brasileira,10,Português,Dura,851,22 x 15 cm,510
9788571038295,Patrick Joséph Clarke,Banalidades e Bem-aventuranças do Cotidiano,Puc Goias,2012,Ficção Brasileira,10,Português,Comum,243,21 x 15 cm,146
ND,José Mauro de Vasconcelos,Barro Blanco,Melhoramentos,1969,Ficção Brasileira,10,Português,Comum,344,21 x 14 cm,234
ND,Zibia Gasparetto,Bate-papo Com o Além,Vida & Consciência,ND,Ficção Brasileira,10,Português,Comum,210,21 x 14 cm,176
ND,Machado de Assis,Brás Cubas; a Semana; Correspondência,Formar,1971,Ficção Brasileira,10,Português,Dura,499,22 x 15 cm,224
9789685957878,Paulo Coelho,Brida,Grijalbo,2005,Ficção Brasileira,10,Espanhol,Comum,374,23 x 16 cm,270
9788555390562,Carol Sabar,Cabeças de Ferro,Jangada,2016,Ficção Brasileira,10,Português,Comum,490,23 x 16 cm,302
ND,Wagner Matias de Andrade,Causa e Efeito,Solucoes Criativas,ND,Ficção Brasileira,10,Português,Comum,229,22 x 15 cm,152
ND,James Amado,Chamado do Mar,Círculo do Livro,ND,Ficção Brasileira,10,Português,Dura,400,21 x 14 cm,310
ND,José de Alencar,Cinco Minutos; a Viuvinha; a Pata da Gazela; Outros,Formar,1971,Ficção Brasileira,10,Português,Dura,652,22 x 15 cm,342
9781495403811,Rafael Jadoski,Crônicas de Miramar - um Guia para o Viajante Desavisado,Createspace,2014,Ficção Brasileira,10,Português,Comum,80,20 x 13 cm,52
ND,Claudio Roberto Silva,Crônicas Florestais,Do Autor,ND,Ficção Brasileira,10,Português,Comum,200,21 x 15 cm,110
9788501061249,Fritz Utzeri,Dancing Brasil,Record,2001,Ficção Brasileira,10,Português,Comum,480,21 x 14 cm,334
9788556621849,Rachel Gutiérrez,Daqui e Dalém Mar,Jaguatirica,2019,Ficção Brasileira,10,Português,Comum,240,21 x 14 cm,166
ND,Wilson Frungilo Júnior,Do Outro Lado,Ide,1984,Ficção Brasileira,10,Português,Comum,182,19 x 13 cm,160
9788503003643,José Lins do Rego,Doidinho,José Olympio,1994,Ficção Brasileira,10,Português,Comum,215,21 x 14 cm,142
ND,Machado de Assis,Dom Casmurro,Garnier,1992,Ficção Brasileira,10,Português,Comum,287,21 x 14 cm,236
ND,Josué Guimarães,Dona Anja,Círculo do Livro,1982,Ficção Brasileira,10,Português,Dura,309,21 x 13 cm,160
ND,Jorge Amado,Dona Flor e Seus Dois Maridos,Record,1979,Ficção Brasileira,10,Português,Dura,538,22 x 15 cm,398
ND,Zibia Gasparetto,Entre o Amor e a Guerra,Vida & Consciência,1991,Ficção Brasileira,10,Português,Comum,323,21 x 14 cm,260
9788587588128,Laé de Souza,Espiando o Mundo pela Fechadura,Eco Arte,2011,Ficção Brasileira,10,Português,Comum,171,21 x 14 cm,96
ND,Castro Alves,Espumas Flutuantes,Sol,ND,Ficção Brasileira,10,Português,Comum,173,21 x 14 cm,158
9788588477070,Elizabeth Artmann,Eternamente Amigos,Butterfly,2001,Ficção Brasileira,10,Português,Comum,240,21 x 14 cm,136
9788500013546,Mauro Rasi,"Eu, Minhas Tias, Meus Gatos e Meu Cachorro: Crônicas",Ediouro,2003,Ficção Brasileira,10,Português,Comum,390,23 x 16 cm,252
ND,Jorge Amado,"Farda, Fardão, Camisola de Dormir",Círculo do Livro,1982,Ficção Brasileira,10,Português,Dura,332,21 x 13 cm,230
ND,Jorge Amado,"Farda, Fardão, Camisola de Dormir",Record,1979,Ficção Brasileira,10,Português,Dura,408,22 x 15 cm,240
9788574803425,Eliza Nazarian,Feito Eu,Ateliê,2007,Ficção Brasileira,10,Português,Comum,180,21 x 14 cm,110
9788657030097,Walter Tiemo (org),Fofelinos,Sysco,2022,Ficção Brasileira,10,Português,Comum,266,23 x 16 cm,128
ND,Machado de Assis,Helena,Edicoes de Ouro,ND,Ficção Brasileira,10,Português,Comum,152,16 x 11 cm,208
ND,Machado de Assis,Helena; a Mão e a Luva; Histórias da Meia-noite,Formar,1971,Ficção Brasileira,10,Português,Dura,572,22 x 15 cm,262
ND,Marco Aurelio Nogueira,Joaquim Nabuco,Brasiliense,1987,Ficção Brasileira,10,Português,Comum,77,15 x 11 cm,88
ND,João Antônio,Leão-de-chácara,Círculo do Livro,1976,Ficção Brasileira,10,Português,Dura,227,18 x 12 cm,138
9788501080707,Diogo Mainardi,Lula é Minha Anta,Record,2007,Ficção Brasileira,10,Português,Comum,330,21 x 14 cm,238
ND,Jorge Amado,Mar Morto,Record,1979,Ficção Brasileira,10,Português,Dura,363,22 x 15 cm,224
ND,Origenes Lessa,Memorias de um Fusca,Edicoes de Ouro,1972,Ficção Brasileira,10,Português,Comum,114,16 x 11 cm,144
ND,Machado de Assis,Memórias Póstumas de Brás Cubas,LDA,1988,Ficção Brasileira,10,Português,Comum,107,18 x 13 cm,128
9788501072245,Domingos Pellegrini,Meninos no Poder,Record,2005,Ficção Brasileira,10,Português,Comum,370,21 x 14 cm,288
9788539003426,Joaquim Ferreira dos Santos,Minhas Amigas,Objetiva,2012,Ficção Brasileira,10,Português,Dura,300,21 x 14 cm,208
9788579210976,Tereza Nacked Zaratin,Mulher Ninho,Terceira Margem,2016,Ficção Brasileira,10,Português,Comum,189,21 x 14 cm,122
9788501089526,Lya Luft,Múltipla Escolha,Record,2010,Ficção Brasileira,10,Português,Comum,280,21 x 14 cm,192
9788565294461,Totonha Lobo,Na Rabeira do Tempo,Digital Publish & Print,2015,Ficção Brasileira,10,Português,Comum,280,21 x 15 cm,176
9788585872670,Zibia Gasparetto,Ninguém é de Ninguém,Vida & Consciência,2006,Ficção Brasileira,10,Português,Comum,468,21 x 14 cm,374
9788587588050,Laé de Souza,Nos Bastidores do Cotidiano,Ecoarte,2010,Ficção Brasileira,10,Português,Comum,128,21 x 14 cm,64
9788562131257,G. P. de Figueiredo; Guian de Bastos,O Advogado Que Entrou no Armário,Letras do Pensamento,2013,Ficção Brasileira,10,Português,Comum,370,21 x 14 cm,312
9788577220083,Zibia Gasparetto,O Amanhã a Deus Pertence,Vida & Consciência,2006,Ficção Brasileira,10,Português,Comum,433,21 x 14 cm,340
9788571641921,Ruy Castro,O Amor de Mau Humor,Companhia das Letras,1991,Ficção Brasileira,10,Português,Comum,282,21 x 14 cm,212
ND,Zibia Gasparetto,O Amor Venceu,Vida & Consciência,ND,Ficção Brasileira,10,Português,Comum,437,21 x 14 cm,376
9788585330125,C. Jos. Bravo,O Barão de Munt Casprio,Peresin,2019,Ficção Brasileira,10,Português,Comum,380,21 x 14 cm,294
ND,Jorge Amado,O Capitão de Longo Curso,Record,1979,Ficção Brasileira,10,Português,Dura,403,22 x 15 cm,244
ND,Aluísio de Azevedo,O Cortiço,Atica,1978,Ficção Brasileira,10,Português,Comum,177,21 x 14 cm,160
9788541106559,Lia Neves,O Destino Tecendo a História,All Print,2014,Ficção Brasileira,10,Português,Comum,200,21 x 14 cm,140
9788532500342,Paulo Coelho,O Diário de um Mago,Rocco,2001,Ficção Brasileira,10,Português,Comum,325,21 x 14 cm,248
9788501040121,Lúcia Guedes,O Diário Submerso,Record,1992,Ficção Brasileira,10,Português,Comum,298,21 x 14 cm,240
ND,José de Alencar,O Gaúcho; o Tronco do Ipê,Formar,1971,Ficção Brasileira,10,Português,Dura,604,22 x 15 cm,296
ND,Jose de Alencar,O Guarani,Edicoes de Ouro,ND,Ficção Brasileira,10,Português,Comum,242,16 x 11 cm,352
9786500127652,Liberty Books,O Livro das Cartas,Liberty Books,2020,Ficção Brasileira,10,Português,Comum,210,21 x 14 cm,140
ND,José Mauro de Vasconcelos,O Meu Pé de Laranja Lima,Melhoramentos,1968,Ficção Brasileira,20,Português,Comum,280,21 x 14 cm,192
9788500005671,Aluísio de Azevedo,O Mulato,Ediouro,2001,Ficção Brasileira,10,Português,Comum,410,21 x 14 cm,344
ND,José Mauro de Vasconcelos,O Palácio Japonês,Melhoramentos,1969,Ficção Brasileira,10,Português,Comum,208,21 x 14 cm,114
ND,Bernardo Guimarães,O Seminarista,Atica,1977,Ficção Brasileira,10,Português,Comum,168,21 x 14 cm,128
ND,Ricardo Ramos,O Sobrevivente,Global,1984,Ficção Brasileira,10,Português,Comum,196,21 x 14 cm,114
ND,A. Vasconcelos Noronha,O Sonho da Mariposa,Sic,1975,Ficção Brasileira,10,Português,Comum,408,21 x 14 cm,296
ND,José de Alencar,O Tronco do Ipê,Atica,1977,Ficção Brasileira,10,Português,Comum,159,21 x 14 cm,152
ND,José Mauro de Vasconcelos,O Veleiro de Cristal,Melhoramentos,1977,Ficção Brasileira,10,Português,Comum,170,20 x 14 cm,94
ND,Marcos Claudino,"Opiniões, Ideias e Viagens Mentais",Do Autor,ND,Ficção Brasileira,10,Português,Comum,187,21 x 15 cm,114
9788577188536,Rogerio Cardoso Bulhões,Os Filhos do Sol - o Artefato,All Print,2011,Ficção Brasileira,10,Português,Comum,522,21 x 14 cm,432
ND,Celso Skrabe,Os Poderosos,Nova Época,1979,Ficção Brasileira,10,Português,Comum,300,21 x 14 cm,198
9788567283807,Valderez Escobar,Pedacinhos do Céu,Daya,2019,Ficção Brasileira,10,Português,Comum,340,21 x 14 cm,220
ND,José Lins do Rego,Pedra Bonita,José Olympio,1973,Ficção Brasileira,10,Português,Dura,383,21 x 14 cm,250
9788585872151,Zibia Gasparetto,Pelas Portas do Coração,Vida & Consciência,ND,Ficção Brasileira,10,Português,Comum,439,21 x 14 cm,360
ND,Lucio Martins Rodrigues,Ponto Final: Katmandu,Lr,1983,Ficção Brasileira,10,Português,Comum,298,21 x 14 cm,232
9788568263082,Carolina Munhóz,Por um Toque de Ouro,Rocco,2015,Ficção Brasileira,10,Português,Comum,394,23 x 16 cm,272
9788562697005,Luiz Fernando Filgueiras,Por uma Noite,Dom Quixote,2009,Ficção Brasileira,10,Português,Comum,260,21 x 14 cm,232
9788573027945,Arnaldo Jabor,Pornopolítica,Objetiva,2006,Ficção Brasileira,10,Português,Comum,390,23 x 16 cm,236
ND,Zibia Gasparetto,Quando a Vida Escolhe,Vida & Consciência,ND,Ficção Brasileira,10,Português,Comum,436,21 x 14 cm,346
ND,Antonio Callado,Quarup,Círculo do Livro,1975,Ficção Brasileira,10,Português,Dura,575,20 x 13 cm,470
ND,Machado de Assis,Quincas Borba; Dom Casmurro,Formar,1971,Ficção Brasileira,10,Português,Dura,566,22 x 15 cm,278
ND,Machado de Assis,Relíquias de Casa Velha; Crônicas,Formar,1971,Ficção Brasileira,10,Português,Dura,557,22 x 15 cm,256
9788573534337,Wanda A. Canutti; Eça de Queiroz,Renascendo do ódio,Eme,2010,Ficção Brasileira,10,Português,Comum,350,21 x 14 cm,272
ND,José Mauro de Vasconcelos,Rua Descalça,Melhoramentos,1969,Ficção Brasileira,10,Português,Comum,286,21 x 14 cm,192
ND,Jorge Amado,São Jorge dos Ilhéus,Record,1979,Ficção Brasileira,10,Português,Dura,473,22 x 15 cm,328
ND,Salvador Gentile,Senzala,Ide,1989,Ficção Brasileira,10,Português,Comum,296,18 x 14 cm,288
9788501073235,Marcelo Carneiro da Cunha,Simples,Record,2000,Ficção Brasileira,10,Português,Comum,420,21 x 14 cm,282
9788592353032,Luiza Araujo,Sixteen: Love Through Time,Do Autor,2017,Ficção Brasileira,10,Inglês,Comum,230,20 x 13 cm,162
9788592353001,Luiza Araujo,Sixteen: o Amor Através dos Tempos,Do Autor,2017,Ficção Brasileira,10,Português,Comum,210,20 x 13 cm,146
ND,Jorge Amado,Tenda dos Milagres,Record,1979,Ficção Brasileira,10,Português,Dura,488,22 x 15 cm,338
ND,Jorge Amado,Tereza Batista Cansada de Guerra,Record,1977,Ficção Brasileira,10,Português,Dura,634,22 x 15 cm,422
9788542803280,Jefferson Oliveira,Thales Martins e o Livro da Maldição,Novo Século,2014,Ficção Brasileira,10,Português,Comum,340,21 x 14 cm,280
ND,José de Alencar,Til; o Sertanejo,Formar,1971,Ficção Brasileira,10,Português,Dura,635,22 x 15 cm,332
9788536602707,Francisco Dandão,Trilhas Urbanas: no Reflexo do Espelho,Scortecci,2009,Ficção Brasileira,10,Português,Comum,240,21 x 14 cm,166
9798572325294,Lima Barreto,Triste Fim de Policarpo Quaresma,L&PM,2010,Ficção Brasileira,10,Português,Comum,109,21 x 14 cm,64
9789895281589,D. I. Bueno,Um Sonho Devastado,Chiado,2020,Ficção Brasileira,10,Português,Comum,476,23 x 16 cm,340
9788574199740,Claudio Edinger,Um Swami no Rio,Annablume,2009,Ficção Brasileira,10,Português,Comum,430,23 x 16 cm,256
9788547000196,Luis Fernando Verissimo,Veríssimas,Objetiva,2016,Ficção Brasileira,10,Português,Comum,416,23 x 16 cm,208
9788590194712,Maria Zulema Cebrián,Vontade de Ir Além,Do Autor,2001,Ficção Brasileira,10,Português,Comum,210,21 x 14 cm,142
9788598581019,Alberico Rodrigues,Zé Batalha: o Herói da Minha Infância,Mentes Raras,2004,Ficção Brasileira,10,Português,Comum,210,23 x 16 cm,72
ND,Fernando Sabino,"Zélia, uma Paixão",Record,ND,Ficção Brasileira,10,Português,Comum,329,21 x 14 cm,268
ND,George Orwell,1984 Teste,Nacional,1979,Ficção Estrangeira,10,Português,Comum,334,21 x 14 cm,278
9788580572759,Chad Harbach,A Arte do Jogo,Intrinseca,2013,Ficção Estrangeira,10,Português,Comum,670,23 x 16 cm,496
9780446611862,Nicholas Sparks,A Bend in the Road,Warner,2002,Ficção Estrangeira,10,Inglês,Comum,210,17 x 11 cm,368
9788576652175,Paulo Coelho,A Bruxa de Portobello,Planeta,2006,Ficção Estrangeira,10,Português,Comum,320,20 x 13 cm,296
9788501086174,Lauren Weisberger,À Caça de Harry Winston,Record,2009,Ficção Estrangeira,10,Português,Comum,610,21 x 14 cm,430
9788575812938,Melanie Wallace,A Cidade,Arx,2008,Ficção Estrangeira,10,Português,Comum,280,21 x 14 cm,224
ND,Eça de Queiroz,A Cidade e as Serras,Ediouro,ND,Ficção Estrangeira,10,Português,Comum,257,18 x 11 cm,296
ND,Alexandre Dumas Filho,A Dama das Camélias,Tecnoprint,ND,Ficção Estrangeira,10,Português,Comum,91,18 x 11 cm,124
ND,Alexandre Dumas,A Dama das Camélias - Tomo 1,LDA,1988,Ficção Estrangeira,10,Português,Comum,89,18 x 13 cm,96
ND,Alexandre Dumas,A Dama das Camélias - Tomo 2,LDA,1988,Ficção Estrangeira,10,Português,Comum,90,18 x 13 cm,96
ND,Morris West,A Filha do Silêncio,Civilização Brasileira,1970,Ficção Estrangeira,10,Português,Comum,331,21 x 14 cm,244
9788562409882,Charlie Donlea,A Garota do Lago,Faro Editorial,2017,Ficção Estrangeira,10,Português,Comum,536,23 x 16 cm,296
ND,Erin Pizzey,A Governadora,Record,1987,Ficção Estrangeira,10,Português,Comum,420,21 x 14 cm,412
ND,Shannon Drake,A Guerra das Rosas,Nova Cultural,1994,Ficção Estrangeira,10,Português,Comum,208,18 x 12 cm,314
9780307947512,Dave Eggers,A Hologram For the King,Vintage,2013,Ficção Estrangeira,10,Inglês,Comum,300,20 x 13 cm,356
9788520902295,Milan Kundera,A Imortalidade,Nova Fronteira,1990,Ficção Estrangeira,10,Português,Comum,418,21 x 14 cm,340
ND,Leão Tolstoi,A Manhã de um Senhor,LDA,1988,Ficção Estrangeira,10,Português,Comum,89,18 x 13 cm,96
ND,H. G. Wells; Paulo Mendes Campos,A Maquina do Tempo,Edicoes de Ouro,1972,Ficção Estrangeira,10,Português,Comum,108,16 x 11 cm,128
9788528620504,Sara Gruen,À Margem do Lago,Bertrand Brasil,2016,Ficção Estrangeira,10,Português,Comum,550,23 x 16 cm,390
9788535916270,Stieg Larsson,A Menina Que Brincava Com Fogo - Edição Econômica,Companhia das Letras,2012,Ficção Estrangeira,10,Português,Comum,916,23 x 16 cm,608
ND,Franz Kafka,A Metamorfose,LDA,1988,Ficção Estrangeira,10,Português,Comum,91,18 x 13 cm,96
ND,Richard Bach,A Ponte para o Sempre,Record,1984,Ficção Estrangeira,10,Português,Comum,357,21 x 14 cm,320
9788581631530,Debbie Macomber,A Pousada Rose Harbor,Novo Conceito,2013,Ficção Estrangeira,10,Português,Comum,520,23 x 16 cm,350
9788535915839,Stieg Larsson,A Rainha do Castelo de Ar,Companhia das Letras,2009,Ficção Estrangeira,10,Português,Comum,1049,23 x 16 cm,688
ND,Morris West,A Salamandra,Círculo do Livro,1974,Ficção Estrangeira,10,Português,Dura,503,20 x 13 cm,406
ND,D. H. Lawrence,A Serpente Emplumada,Círculo do Livro,1981,Ficção Estrangeira,10,Português,Dura,554,21 x 13 cm,458
ND,Gwen Davis,A Terceira Porta,Clube do Livro,1984,Ficção Estrangeira,10,Português,Comum,174,21 x 14 cm,126
9788511514155,Agatha Christie,A Testemunha Ocular do Crime,Record,1987,Ficção Estrangeira,10,Português,Comum,150,18 x 13 cm,192
ND,Morris West,A Torre de Babel,Record,1968,Ficção Estrangeira,10,Português,Comum,315,21 x 14 cm,294
9788580411089,William P. Young,A Travessia,Arqueiro,2012,Ficção Estrangeira,10,Português,Comum,363,23 x 16 cm,240
9788580412628,William P. Young,A Travessia,Arqueiro,2014,Ficção Estrangeira,10,Português,Comum,255,21 x 14 cm,208
ND,Julio Verne,A Volta ao Mundo Em Oitenta Dias,Novo Brasil,1983,Ficção Estrangeira,10,Português,Dura,493,21 x 13 cm,278
ND,Donald Freed; Mark Lane,Ação Executiva: Assassinato de um Chefe de Estado,Bloch,1973,Ficção Estrangeira,10,Português,Comum,272,21 x 14 cm,198
ND,Danielle Steel,Agora e Sempre,Record,1978,Ficção Estrangeira,10,Português,Comum,413,21 x 14 cm,358
ND,Barbara Cartland,Amantes no Paraíso,Abril,1980,Ficção Estrangeira,10,Português,Comum,119,19 x 13 cm,128
ND,Timothy Harris,American Gigolo,Delacorte Press,1979,Ficção Estrangeira,10,Inglês,Dura,309,21 x 15 cm,180
ND,Camilo Castelo Branco,Amor de Perdição,Ática,1969,Ficção Estrangeira,10,Português,Comum,183,20 x 14 cm,144
ND,Diana Morgan,Amor de Verão,Globo,1983,Ficção Estrangeira,10,Português,Comum,117,19 x 12 cm,144
ND,Helen Van Slyke,Amor Nunca é Demais,Nova Cultural,1986,Ficção Estrangeira,10,Português,Comum,394,19 x 12 cm,510
9788429436143,Lazarillo de Tormes,Anónimo,Santillana,1994,Ficção Estrangeira,10,Espanhol,Comum,119,19 x 12 cm,88
9788585091927,Sally Quinn,Apenas Mágoas,Bestseller,1988,Ficção Estrangeira,10,Português,Comum,570,21 x 14 cm,626
ND,Morris West,Arlequim,Record,1974,Ficção Estrangeira,10,Português,Comum,330,21 x 14 cm,288
9788531200571,Marion Zimmer Bradley,As Brumas de Avalon Vol. 3: o Gamo Rei,Imago,1989,Ficção Estrangeira,10,Português,Comum,308,21 x 14 cm,246
ND,Marion Zimmer Bradley,As Brumas de Avalon Vol. 4: o Prisioneiro da Árvore,Imago,1989,Ficção Estrangeira,10,Português,Comum,336,20 x 14 cm,278
9788531200588,Marion Zimmer Bradley,As Brumas de Avalon Vol. 4: o Prisioneiro da Árvore,Nova Cultural,1982,Ficção Estrangeira,10,Português,Comum,241,19 x 12 cm,298
9788582910504,L. Palhano Júnior,As Chaves do Reino: Seguindo os Passos de Anchieta,Lachâtre,2000,Ficção Estrangeira,10,Português,Comum,275,22 x 15 cm,192
ND,Júlio Diniz,As Pupilas do Senhor Reitor - Tomo 1,LDA,1988,Ficção Estrangeira,10,Português,Comum,88,18 x 13 cm,96
ND,Júlio Diniz,As Pupilas do Senhor Reitor - Tomo 2,LDA,1988,Ficção Estrangeira,10,Português,Comum,90,18 x 13 cm,96
9788532501196,Paulo Coelho,As Valkírias,Rocco,1992,Ficção Estrangeira,10,Português,Comum,306,21 x 14 cm,240
9788573200126,Philippe Djian,Assassinos,Scritta,1995,Ficção Estrangeira,10,Português,Comum,240,20 x 13 cm,210
ND,Elia Kazan,Atos de Amor,Nova Cultural,1986,Ficção Estrangeira,10,Português,Comum,350,19 x 12 cm,446
9780061624216,Sarah Langan,Audreys Door,Harper,2009,Ficção Estrangeira,10,Inglês,Comum,210,17 x 10 cm,412
ND,Arthur Hailey,Automóvel,Círculo do Livro,1971,Ficção Estrangeira,10,Português,Dura,552,20 x 13 cm,488
9780312650247,P. C. Cast; Kristin Cast,Awakened,St Margins,2011,Ficção Estrangeira,10,Inglês,Dura,420,22 x 15 cm,290
ND,Sinclair Lewis,Babbitt,Globo,1950,Ficção Estrangeira,10,Português,Comum,295,17 x 10 cm,447
ND,Guy de Maupassant,Bel-ami,Abril,1981,Ficção Estrangeira,10,Português,Comum,295,20 x 13 cm,320
9781905654321,P. C. Cast; Kristin Cast,Betrayed,Atom,2009,Ficção Estrangeira,10,Inglês,Comum,320,20 x 13 cm,292
9781849019682,Maria Sveland,Bitter Bitch,Corsair,2011,Ficção Estrangeira,10,Inglês,Comum,180,18 x 11 cm,246
9780312532765,Alyson Noel,Blue Moon,St Margins,2009,Ficção Estrangeira,10,Inglês,Comum,300,21 x 14 cm,290
9781416974369,Scott Westerfeld,Bogus to Bubbly: An Insiders Guide to the World of Uglies,Simon Pulse,2008,Ficção Estrangeira,10,Inglês,Comum,264,18 x 13 cm,196
9780312643539,P. C. Cast; Kristin Cast,Burned,St Margins,2010,Ficção Estrangeira,10,Inglês,Comum,330,21 x 14 cm,324
ND,John Updike,Casais Trocados,Edibolso,1975,Ficção Estrangeira,10,Português,Comum,252,18 x 11 cm,424
9780718145224,Nicci French,Catch Me When I Fall,Penguin,2005,Ficção Estrangeira,10,Inglês,Comum,480,23 x 15 cm,298
9781400080434,Megan Mccafferty,Charmed Thirds,Three Rivers Press,2007,Ficção Estrangeira,10,Inglês,Comum,550,23 x 16 cm,372
ND,Erin St. Claire,Chuvas de Verão,Nova Cultural,1985,Ficção Estrangeira,10,Português,Comum,163,19 x 12 cm,192
9788580572162,E L James,Cinquenta Tons de Liberdade,Intrinseca,2012,Ficção Estrangeira,10,Português,Comum,761,23 x 16 cm,544
9788580572100,E L James,Cinquenta Tons Mais Escuros,Intrinseca,2012,Ficção Estrangeira,10,Português,Comum,726,23 x 16 cm,512
9780670021680,Elizabeth Gilbert,Committed,Viking,2010,Ficção Estrangeira,10,Inglês,Comum,410,23 x 15 cm,286
ND,Charles Dickens,Conto de Natal,LDA,1988,Ficção Estrangeira,10,Português,Comum,90,18 x 13 cm,96
ND,Antoine de Saint-exupéry,Correio Sul; Voo Noturno,Abril,1974,Ficção Estrangeira,10,Português,Comum,365,20 x 14 cm,242
9780330520614,Alyson Noel,Dark Flame,Macmillan,2010,Ficção Estrangeira,10,Inglês,Comum,299,20 x 13 cm,320
ND,Judith Rossner,De Bar Em Bar,Círculo do Livro,1975,Ficção Estrangeira,10,Português,Dura,334,20 x 13 cm,262
9788563114167,Aixa de La Cruz,De Música Ligeira,Tinta Negra,2010,Ficção Estrangeira,10,Português,Comum,330,23 x 16 cm,208
ND,Giovanni Boccaccio,Decamerão,Abril,1979,Ficção Estrangeira,10,Português,Dura,940,24 x 17 cm,580
9788501041074,Scott Turow,Declarando-se Culpado,Record,1994,Ficção Estrangeira,10,Português,Comum,449,21 x 14 cm,398
ND,Annemarie Selinko,Desirée,Abril,1974,Ficção Estrangeira,10,Português,Dura,776,20 x 14 cm,638
9780425246764,Clive Cussler,Devils Gate,Berkley,2012,Ficção Estrangeira,10,Inglês,Comum,300,19 x 11 cm,504
ND,Jacqueline Susann,Dolores,Círculo do Livro,ND,Ficção Estrangeira,10,Português,Dura,222,17 x 12 cm,142
9789500300711,Federico Garcia Lorca,Dona Rosita La Soltera o El Lenguaje de las Flores,Losada,1997,Ficção Estrangeira,10,Espanhol,Comum,130,17 x 10 cm,120
9781848454736,Mary Kubica,Dont You Cry,Mira,2016,Ficção Estrangeira,10,Inglês,Comum,292,20 x 13 cm,384
9781250000231,P. C. Cast; Kristin Cast,Dragons Oath,St Margins,2011,Ficção Estrangeira,10,Inglês,Dura,290,19 x 14 cm,146
9783498060558,Jochen Schmidt; David Wagner,Drüben Und Drüben: Zwei Deutsche Kindheiten,Rowohlt,2014,Ficção Estrangeira,10,Alemão,Dura,451,21 x 14 cm,332
ND,Agatha Christie,É Fácil Matar,Nova Fronteira,ND,Ficção Estrangeira,10,Português,Comum,256,21 x 14 cm,192
ND,John Steinbeck,Een Handvol Goud,Meulenhoff,1961,Ficção Estrangeira,10,Holandês,Comum,136,17 x 11 cm,190
9788525003065,Jorge Luis Borges,Elogio da Sombra; um Ensaio Autobiográfico,Globo,1993,Ficção Estrangeira,10,Português,Comum,185,21 x 14 cm,122
9788542201628,Augusto Cury,Em Busca do Sentido da Vida,Planeta,2013,Ficção Estrangeira,10,Português,Comum,519,23 x 16 cm,368
ND,John Ohara,Encontro Em Samarra,Abril,1975,Ficção Estrangeira,10,Português,Dura,371,21 x 14 cm,238
9788560280605,Elena P. Melodia,Escuridão,Objetiva,2010,Ficção Estrangeira,10,Português,Comum,620,23 x 16 cm,328
ND,Leon Uris,"Exodus, Vol. 1",Abril,1981,Ficção Estrangeira,10,Português,Comum,341,19 x 13 cm,376
ND,Leon Uris,"Exodus, Vol. 2",Abril,1981,Ficção Estrangeira,10,Português,Comum,302,19 x 13 cm,336
ND,Lisa Plumley,Feitos um para o Outro,Abril,2003,Ficção Estrangeira,10,Português,Comum,263,18 x 12 cm,384
ND,Irwin Shaw,Felicidade Não Se Compra,Nova Cultural,1986,Ficção Estrangeira,10,Português,Comum,330,19 x 12 cm,422
9780753813973,Bernhard Schlink,Flights of Love,Phoenix,2002,Ficção Estrangeira,10,Inglês,Comum,320,20 x 13 cm,308
9780175561292,Mark Shackleton,Further Recollections: Ten Stories on Five Themes,Nelson,1991,Ficção Estrangeira,10,Inglês,Comum,190,19 x 12 cm,156
9788202258115,Ulf Nilsson,Fyrets Hemmlighet,Cappelen,2006,Ficção Estrangeira,10,Dinamarquês,Dura,260,21 x 13 cm,132
9780099524182,Audrey Niffenegger,Her Fearful Symmetry,Vintage,2010,Ficção Estrangeira,10,Inglês,Comum,290,18 x 11 cm,416
9780505525260,Tess Mallory,Highland Fling,Love Spell,2003,Ficção Estrangeira,10,Inglês,Comum,180,17 x 10 cm,306
ND,Johannes V. Jensen,Histórias do Himmerland,Delta,1964,Ficção Estrangeira,10,Português,Dura,706,23 x 17 cm,216
ND,Edgar Allan Poe,Histórias Extraordinárias,LDA,1988,Ficção Estrangeira,10,Português,Comum,91,18 x 13 cm,96
ND,Honore de Balzac,Histórias Fascinantes,Cultrix,1960,Ficção Estrangeira,10,Português,Dura,471,21 x 14 cm,236
9788575420140,Jack Canfield & Outros,Histórias para Aquecer o Coração das Mães,Sextante,2002,Ficção Estrangeira,10,Português,Comum,305,21 x 14 cm,186
9780446613378,James Patterson; Howard Roughan,Honeymoon,Warner,2007,Ficção Estrangeira,10,Inglês,Comum,210,17 x 10 cm,406
ND,Malba Tahan,Iazul: Contos e Lendas Orientais,Edicoes de Ouro,ND,Ficção Estrangeira,20,Português,Comum,154,16 x 11 cm,208
9788578990626,Marcio Martelli; Outros,Interiores: Crônicas de um Novo Mundo,In House,2010,Ficção Estrangeira,10,Português,Comum,347,21 x 14 cm,256
9788575090435,Frank Baldwin,Jake & Mimi,Geração Editorial,2002,Ficção Estrangeira,10,Português,Comum,570,23 x 16 cm,296
ND,Sidney Sheldon,Juízo Final,Record,1992,Ficção Estrangeira,10,Português,Comum,438,21 x 14 cm,368
9782253010333,Daphne Du Maurier,La Chaine Damour,Albin Michel,1950,Ficção Estrangeira,10,Francês,Comum,261,16 x 11 cm,510
ND,Larry Mcmurtry,Laços de Ternura,Nova Cultural,1987,Ficção Estrangeira,10,Português,Comum,320,19 x 12 cm,408
9782253047278,Refine Deforges,Le Diable En Rit Encore,Ramsay,1985,Ficção Estrangeira,10,Francês,Comum,250,16 x 11 cm,480
9788576872191,Sharon Sala,Lembre-se de Mim,Harlequin,2006,Ficção Estrangeira,10,Português,Comum,480,21 x 14 cm,316
9788579307232,A. C. Meyer,Louca por Você,Universo dos Livros,2014,Ficção Estrangeira,10,Português,Comum,300,23 x 16 cm,208
9780060001452,Victoria Alexander,Love With the Proper Husband,Avon,2003,Ficção Estrangeira,10,Inglês,Comum,210,17 x 10 cm,374
9780143130154,Jojo Moyes,Me Before You,Penguin,2016,Ficção Estrangeira,20,Inglês,Comum,265,19 x 11 cm,448
9788528617719,Nora Roberts,Mentiras Genuínas,Bertrand Brasil,2013,Ficção Estrangeira,10,Português,Comum,850,23 x 16 cm,630
9788581637068,Randy Susan Meyers,Mentiras Que Confortam,Novo Conceito,2015,Ficção Estrangeira,10,Português,Comum,529,23 x 16 cm,368
9780008123321,Susie Steiner,"Missing, Presumed",Borough Press,2016,Ficção Estrangeira,10,Inglês,Comum,330,20 x 13 cm,406
9788571648760,Charles Frazier,Montanha Gelada,Companhia das Letras,1999,Ficção Estrangeira,10,Português,Comum,563,21 x 14 cm,432
9788563219640,Ben Sherwood,Morte e Vida de Charlie St. Cloud,Novo Conceito,2010,Ficção Estrangeira,10,Português,Comum,257,21 x 14 cm,208
ND,Marilyn French,Mulheres,Record,1977,Ficção Estrangeira,10,Português,Comum,505,21 x 14 cm,528
9781594481956,James Frey,My Friend Leonard,Riverhead,2005,Ficção Estrangeira,10,Inglês,Comum,380,20 x 13 cm,400
9788528613810,Jesse Jones,Namorados Imprestáveis,Bertrand Brasil,2009,Ficção Estrangeira,10,Português,Comum,550,23 x 16 cm,374
9780330528115,Alyson Noel,Night Star,Macmillan,2010,Ficção Estrangeira,10,Inglês,Comum,287,20 x 13 cm,312
9780307476104,Harvard Lampoon,Nightlight,Vintage,2009,Ficção Estrangeira,10,Inglês,Comum,190,20 x 13 cm,154
9788595440012,Pedro Santiago; Dizzi Akibah,No Vai e Vem da Vida,Eme,2017,Ficção Estrangeira,10,Português,Comum,360,23 x 16 cm,288
ND,Kikuo Furuno,Numa Campina Verde-mar Distante,Aliança Cultural Brasil-japã,ND,Ficção Estrangeira,10,Japonês,Comum,330,21 x 23 cm,96
9788578550523,Malu Rizardi,Nunca é por Tudo,Livrus,2009,Ficção Estrangeira,10,Português,Comum,170,21 x 14 cm,124
ND,Irwin Shaw,O Alto da Colina,Círculo do Livro,1982,Ficção Estrangeira,10,Português,Dura,398,21 x 13 cm,296
ND,Marguerite Duras,O Amante,Círculo do Livro,1987,Ficção Estrangeira,10,Português,Dura,293,21 x 13 cm,114
9788520917671,Khaled Hosseini,O Caçador de Pipas,Nova Fronteira,2005,Ficção Estrangeira,10,Português,Comum,534,23 x 16 cm,366
ND,Eça de Queirós,O Crime do Padre Amaro,Formar,1973,Ficção Estrangeira,10,Português,Dura,530,22 x 15 cm,280
ND,Graham Greene,O Décimo Homem,Record,1985,Ficção Estrangeira,10,Português,Comum,217,21 x 14 cm,148
ND,Frederick Forsyth,O Dia do Chacal,Círculo do Livro,1971,Ficção Estrangeira,10,Português,Dura,491,20 x 13 cm,414
9788576650300,Ian Caldwell; Dustin Thomason,O Enigma do Quatro,Planeta,2005,Ficção Estrangeira,10,Português,Comum,584,23 x 16 cm,432
ND,Irving Wallace,O Fã Clube,Abril,1985,Ficção Estrangeira,10,Português,Comum,441,19 x 13 cm,568
9788562409288,J. Sterling,O Jogo Mais Doce,Faro Editorial,2015,Ficção Estrangeira,10,Português,Comum,400,23 x 16 cm,202
9788501400901,Hilary Mantel,O Livro de Henrique,Record,2013,Ficção Estrangeira,10,Português,Comum,514,23 x 16 cm,364
ND,Harold Robbins,O Machão,Abril,1985,Ficção Estrangeira,10,Português,Comum,270,19 x 12 cm,336
9788501103970,Holly Peterson,O Marido Ideal,Record,2015,Ficção Estrangeira,10,Português,Comum,450,21 x 14 cm,416
9788501058911,Jane Shapiro,O Marido Perigoso,Record,2002,Ficção Estrangeira,10,Português,Comum,410,21 x 14 cm,272
9788580410495,Nicholas Sparks,O Melhor de Mim,Arqueiro,2012,Ficção Estrangeira,10,Português,Comum,359,23 x 16 cm,270
9788573020953,Paulo Coelho,O Monte Cinco,Objetiva,1996,Ficção Estrangeira,10,Português,Comum,426,21 x 14 cm,280
ND,Morris West,O Navegante,Círculo do Livro,ND,Ficção Estrangeira,10,Português,Dura,436,20 x 13 cm,342
ND,Eça de Queirós,O Primo Basílio,Formar,1973,Ficção Estrangeira,10,Português,Dura,484,22 x 15 cm,248
ND,Eça de Queirós,O Primo Basílio - Tomo 1,LDA,1988,Ficção Estrangeira,10,Português,Comum,91,18 x 13 cm,96
ND,Eça de Queirós,O Primo Basílio - Tomo 2,LDA,1988,Ficção Estrangeira,10,Português,Comum,90,18 x 13 cm,96
ND,Philip Roth,O Professor de Desejo,Círculo do Livro,1977,Ficção Estrangeira,10,Português,Dura,313,20 x 13 cm,214
9788532531049,Alexandra Oliva,O Que Restou,Rocco,2018,Ficção Estrangeira,10,Português,Comum,420,23 x 16 cm,318
9788528610666,Isabel Allende,O Reino do Dragão de Ouro,Bertrand Brasil,2004,Ficção Estrangeira,10,Português,Comum,520,23 x 16 cm,308
ND,Rosemary Carter,O Rival,Abril,1983,Ficção Estrangeira,10,Português,Comum,112,19 x 13 cm,120
ND,John Godey,O Sequestro do Metrô,Círculo do Livro,1975,Ficção Estrangeira,10,Português,Dura,509,20 x 13 cm,424
9788580573152,John Green,O Teorema Katherine,Intrinseca,2013,Ficção Estrangeira,10,Português,Comum,355,21 x 14 cm,304
9788571230255,Michael Korda,Olho por Olho,Bestseller,1982,Ficção Estrangeira,10,Português,Comum,530,21 x 14 cm,456
9780375714252,Sebastian Faulks,On Green Dolphin Street,Vintage,2002,Ficção Estrangeira,10,Inglês,Comum,200,17 x 10 cm,352
ND,Harold Robbins,Os Ambiciosos,Record,1979,Ficção Estrangeira,10,Português,Comum,506,21 x 14 cm,488
9788576651369,Giulio Leoni,Os Crimes do Mosaico: um Caso de Dante Alighieri,Planeta,2006,Ficção Estrangeira,10,Português,Comum,550,23 x 16 cm,382
ND,Agatha Christie,Os Elefantes Não Esquecem,Círculo do Livro,1976,Ficção Estrangeira,10,Português,Dura,251,17 x 12 cm,210
9788539504794,Margaret Peterson Haddix,Os Filhos das Sombras 1 - um Deles,Fundamento,2014,Ficção Estrangeira,10,Português,Comum,237,23 x 16 cm,128
9788501069948,Warren Adler,Os Filhos dos Roses,Record,2005,Ficção Estrangeira,10,Português,Comum,420,21 x 14 cm,318
9788566636093,James Kahn,Os Goonies,Darkside,2012,Ficção Estrangeira,15,Português,Comum,306,21 x 14 cm,240
9788500014734,Flavio Moreira da Costa (org),Os Grandes Contos Populares do Mundo,Ediouro,2005,Ficção Estrangeira,10,Português,Comum,617,21 x 14 cm,432
ND,Victor Hugo; Miercio Tati,Os Miseraveis,Edicoes de Ouro,1970,Ficção Estrangeira,10,Português,Comum,193,16 x 11 cm,272
9788576651826,David A. Shugarts,Os Segredos do Filho da Viúva,Planeta,2006,Ficção Estrangeira,10,Português,Comum,450,23 x 16 cm,250
ND,Irving Wallace,Os Sete Minutos,Riográfica,1986,Ficção Estrangeira,10,Português,Comum,413,19 x 12 cm,634
ND,Harold Robbins,Os Sonhos Morrem Primeiro,Círculo do Livro,1977,Ficção Estrangeira,10,Português,Dura,395,20 x 13 cm,312
9788520940624,Lisa Genova,Para Sempre Alice,Nova Fronteira,2009,Ficção Estrangeira,10,Português,Comum,459,23 x 15 cm,284
ND,Anthony Grey,Pequim,Record,1988,Ficção Estrangeira,10,Português,Comum,596,21 x 14 cm,604
9780141331577,Rick Riordan,Percy Jackson and the Olympians: the Ultimate Guide,Puffin,2010,Ficção Estrangeira,20,Inglês,Dura,390,19 x 15 cm,160
9780553580679,Thomas H. Cook,Places in the Dark,Bantam,2000,Ficção Estrangeira,10,Inglês,Comum,170,17 x 10 cm,282
ND,Irwin Shaw,Plantão da Noite,Record,1976,Ficção Estrangeira,10,Português,Comum,372,21 x 14 cm,328
9781402785306,Jane Austen,Pride and Prejudice,Splinter,2012,Ficção Estrangeira,20,Inglês,Comum,560,21 x 14 cm,412
9788511512748,Agatha Christie,Punição para a Inocência,Record,1987,Ficção Estrangeira,10,Português,Comum,192,18 x 13 cm,260
9788542207620,Cam Rogers,Quantum Break: Estado Zero,Planeta,2016,Ficção Estrangeira,10,Português,Comum,540,23 x 16 cm,384
9788501047250,Jean Dormesson,Quase Nada Sobre Quase Tudo,Record,1997,Ficção Estrangeira,10,Português,Comum,415,14 x 21 cm,356
9788500015106,Allan Massie,Rei Artur,Ediouro,2004,Ficção Estrangeira,10,Português,Comum,690,23 x 16 cm,444
ND,William Shakespeare,Romeu e Julieta,LDA,1988,Ficção Estrangeira,10,Português,Comum,90,18 x 13 cm,96
9788581635415,Gayle Forman,Se Eu Ficar,Novo Conceito,2014,Ficção Estrangeira,10,Português,Comum,326,23 x 16 cm,224
ND,Jorge Amado,Seara Vermelha,Record,1979,Ficção Estrangeira,10,Português,Dura,471,22 x 15 cm,336
9780312650056,Alyson Noel,Shadowland,St Margins,2010,Ficção Estrangeira,10,Inglês,Comum,372,21 x 14 cm,350
9780312978877,Carlton Smith,Shadows of Evil,St Margins,2001,Ficção Estrangeira,10,Inglês,Comum,170,17 x 10 cm,274
9780786207794,Dale Brown,Shadows of Steel,Thorndike Press,1996,Ficção Estrangeira,10,Inglês,Dura,732,22 x 14 cm,576
9780312648251,Alyson Noel,Shimmer,Square Fish,2011,Ficção Estrangeira,10,Inglês,Comum,230,21 x 14 cm,196
ND,Albert K. Ridout; Jesse Stuart,Short Stories For Discussion,Charles Scribners Sons,1968,Ficção Estrangeira,10,Português,Comum,575,20 x 14 cm,490
9788501080844,Cecily Von Ziegesar,Só Podia Ser Você. Gossip Girl. o Início,Galera Record,2009,Ficção Estrangeira,10,Português,Comum,649,23 x 16 cm,418
9780452283497,Augusta Trobaugh,Sophie and the Rising Sun,Plume,2002,Ficção Estrangeira,10,Inglês,Comum,220,20 x 13 cm,214
9788501080912,Meg Cabot,Sorte Ou Azar?,Galera Record,2008,Ficção Estrangeira,10,Português,Comum,378,21 x 14 cm,288
9783499421884,Friedhelm Werremeier,Taxi Nach Leipzig,Rowohlt,1973,Ficção Estrangeira,10,Alemão,Comum,102,19 x 11 cm,122
9781905654581,P. C. Cast; Kristin Cast,Tempted,Atom,2009,Ficção Estrangeira,10,Inglês,Comum,260,20 x 13 cm,320
9780440238157,Philip Pullman,The Amber Spyglass - His Dark Materials Book 3,Laurel-leaf,2007,Ficção Estrangeira,10,Inglês,Comum,273,17 x 11 cm,466
9781788280761,H. P. Lovecraft; H. G. Wells; Outros,The Classic Fantasy Fiction Collection,Arcturus,2017,Ficção Estrangeira,20,Inglês,Comum,1358,16 x 24 cm,928
9780307948199,Kate Alcott,The Dressmaker,Anchor,2012,Ficção Estrangeira,10,Inglês,Comum,330,21 x 14 cm,368
9780312595128,P. C. Cast; Kim Doner,The Fledgling Handbook 101,St Margins,2010,Ficção Estrangeira,10,Inglês,Comum,350,21 x 14 cm,158
9780307474568,Stieg Larsson,The Girl Who Played With Fire,Vintage,2009,Ficção Estrangeira,10,Inglês,Comum,375,17 x 10 cm,724
9780553385854,Gordon Dahlquist,The Glass Books of the Dream Eaters Volume One,Bantam,2009,Ficção Estrangeira,10,Inglês,Comum,404,21 x 14 cm,464
9780553385861,Gordon Dahlquist,The Glass Books of the Dream Eaters Volume Two,Bantam,2009,Ficção Estrangeira,10,Inglês,Comum,357,21 x 14 cm,416
9788578084837,Wilkie Collins,The Haunted House: a Mystery of Modern Venice,Difusão,2019,Ficção Estrangeira,10,Inglês,Comum,154,21 x 15 cm,80
9780553264302,Robert Ludlum,The Osterman Weekend,Bantam,1982,Ficção Estrangeira,10,Inglês,Comum,192,18 x 11 cm,336
9780751562804,Michael Robotham,The Other Wife,Sphere,2018,Ficção Estrangeira,10,Inglês,Comum,360,20 x 13 cm,456
9780752897851,Justin Cronin,The Passage,Orion,2010,Ficção Estrangeira,10,Inglês,Comum,106,23 x 15 cm,766
9780061134005,Jo Nesbo,The Redbreast,Harper,2012,Ficção Estrangeira,10,Inglês,Comum,482,20 x 13 cm,522
9780446610391,Nicholas Sparks,The Rescue,Grand Central,2011,Ficção Estrangeira,10,Inglês,Comum,237,17 x 11 cm,434
9780062194428,Pittacus Lore,The Rise of Nine,Harper,2012,Ficção Estrangeira,10,Inglês,Comum,415,21 x 14 cm,360
9781402201950,Warren Adler,The War of the Roses,Sourcebooks,2004,Ficção Estrangeira,10,Inglês,Comum,390,21 x 14 cm,278
ND,Collen Mccullough,Tim,Círculo do Livro,1984,Ficção Estrangeira,10,Português,Dura,438,21 x 13 cm,256
9780425188132,Stece Perry; Larry Segriff,Tom Clancys Net Force State of War,Berkley,2003,Ficção Estrangeira,10,Inglês,Comum,210,17 x 11 cm,372
9782290016305,Arthur Conan Doyle,Treize Enquêtes Élémentaires de Sherlock Holmes,Librio,2009,Ficção Estrangeira,10,Francês,Comum,320,20 x 13 cm,348
9780747571308,Mark Salzman,True Notebooks,Bloomsbury,2004,Ficção Estrangeira,10,Inglês,Dura,590,22 x 14 cm,372
ND,Jacqueline Briskin,Tudo e Muito Mais,Nova Cultural,1987,Ficção Estrangeira,10,Português,Comum,411,19 x 12 cm,536
ND,Agatha Christie,Um Destino Ignorado,Círculo do Livro,1984,Ficção Estrangeira,10,Português,Dura,364,21 x 13 cm,212
9788580570458,David Nicholls,Um Dia,Intrinseca,2011,Ficção Estrangeira,10,Português,Comum,588,23 x 16 cm,418
ND,Sidney Sheldon,Um Estranho no Espelho,Circulo do Livro,1976,Ficção Estrangeira,10,Português,Comum,380,20 x 13 cm,298
ND,Piers Paul Read,Um Homem Casado,Nova Cultural,1986,Ficção Estrangeira,10,Português,Comum,265,19 x 12 cm,326
9788501115782,Catherine Steadman,Um Mar de Segredos,Record,2020,Ficção Estrangeira,10,Português,Comum,530,23 x 16 cm,376
9788565530293,Sylvia Day,Um Toque de Vermelho,Paralela,2013,Ficção Estrangeira,10,Português,Comum,440,23 x 16 cm,304
9780312379834,P. C. Cast; Kristin Cast,Untamed,St Margins,2008,Ficção Estrangeira,10,Inglês,Comum,340,21 x 14 cm,338
ND,Julio Verne; Carlos Heitor Cony,Viagem ao Centro da Terra,Edicoes de Ouro,1971,Ficção Estrangeira,12,Português,Comum,114,16 x 11 cm,144
9788562409240,J. Sterling,Virando o Jogo,Faro Editorial,2014,Ficção Estrangeira,10,Português,Comum,480,23 x 16 cm,278
9780425203002,Nora Roberts,Visions in Death,Berkley,2005,Ficção Estrangeira,10,Inglês,Comum,200,17 x 10 cm,372
9780140098389,Roberta Smoodin,White Horse Cafe,Penguin,1998,Ficção Estrangeira,10,Inglês,Comum,220,19 x 12 cm,250
9781594746376,Ian Doescher,William Shakespeares Star Wars,Quirk Books,2013,Ficção Estrangeira,10,Inglês,Dura,320,21 x 14 cm,174
9788581932507,Kant,Crítica da Razão Prática (Coleção Folha Grandes Nomes do Pensamento Vol. 8),Folha de S.Paulo,2015,Filosofia,10,Português,Dura,499,24 x 16 cm,240
9788581932484,Foucault,Gênese e Estutura da Antropolia de Kant; A Ordem do Discurso (Coleção Folha Grandes Nomes do Pensamento Vol. 6),Folha de S.Paulo,2015,Filosofia,10,Português,Dura,311,24 x 16 cm,112
9788581932514,Platão,Menôn (Coleção Folha Grandes Nomes do Pensamento Vol. 9),Folha de S.Paulo,2015,Filosofia,10,Português,Dura,304,24 x 16 cm,112
9788581932538,Tocqueville,O Antigo Regime e a Revolução (Coleção Folha Grandes Nomes do Pensamento Vol. 11),Folha de S.Paulo,2015,Filosofia,10,Português,Dura,473,24 x 16 cm,224
9788581932521,Pascal,Pensamentos (Coleção Folha Grandes Nomes do Pensamento Vol. 10),Folha de S.Paulo,2015,Filosofia,10,Português,Dura,705,24 x 16 cm,384
9788581932491,Santo Agostinho,Sobre a Potencialidade da Alma (Coleção Folha Grandes Nomes do Pensamento Vol. 7),Folha de S.Paulo,2015,Filosofia,10,Português,Dura,383,24 x 16 cm,160
9788581932453,Voltaire,Tratado sobre a Tolerância (Coleção Folha Grandes Nomes do Pensamento Vol. 3),Folha de S.Paulo,2015,Filosofia,10,Português,Dura,357,24 x 16 cm,144
9788555460012,Nigel Cawthorne,100 Tiranos,Ediouro,2015,História,10,Português,Comum,342,24 x 17 cm,130
9788670606099,Marco Antonio Villa,1932: Imagens de uma Revolução ,Imprensa Oficial SP,2008,História,80,Português,Comum,1251,30 x 23 cm,208
9788526235922,Mary Del Priore,500 Anos de Brasil: Histórias e Reflexões,Scipione,1999,História,10,Português,Comum,204,21 x 14 cm,152
9788578161163,Margarida Cintra Gordinho; Outros,A Caminho do Oeste Volume 3,Terceiro Nome,2013,História,20,Português,Comum,1388,25 x 23 cm,288
9788511020359,Ladislau Dowbor,A Formação do 3o Mundo (Coleção Tudo é História Vol. 35),Brasiliense,1988,História,10,Português,Comum,105,16 x 11 cm,112
9788534801560,Marc Ferro,A Manipulação da História no Ensino e nos Meios de Comunicação,IBRASA,1983,História,40,Português,Comum,391,21 x 14 cm,306
9788570567628,Ana Cláudia Fonseca Brefe,As Cidades Brasileiras no Pós-Guerra,Atual,1995,História,10,Português,Comum,161,27 x 21 cm,40
9788516003869,Júlio José Chiavenato,As Lutas do Povo Brasileiro: Do “Descobrimento” a Canudos (Coleção Polêmica),Moderna,1988,História,10,Português,Comum,162,21 x 14 cm,120
9788500010095,Fernando Gelfuso; Lafayette Tourinho Neto,As Tensões no Oriente Médio e a Guerra no Afeganistão,Ediouro,2002,História,10,Português,Comum,170,24 x 17 cm,88
9788588386914,Marco Haurélio,Breve História da Literatura de Cordel,Claridade,2010,História,10,Português,Comum,140,18 x 12 cm,112
9788508025657,Antonio Augusto da Costa Faria; Marcos de Sant’Anna,Caravelas no Novo Mundo,Atica,1993,História,10,Português,Comum,124,27 x 20 cm,32
ND,Marco Morel,Cipriano Barata (Coleção Encanto Radical Vol. 76),Brasiliense,1986,História,10,Português,Comum,90,16 x 11 cm,92
9788570563514,Francisco Fernando Monteolive; José Dantas Filho,De Getúlio a Getúlio: O Brasil de Dutra a Vargas (Coleção História em Documentos),Atual,1991,História,10,Português,Comum,135,21 x 14 cm,90
ND,Prefeitura Municipal De Santo André,De Todos os Lugares: Histórias de Migrantes,Museu de Santo André,2000,História,10,Português,Comum,165,21 x 14 cm,96
9788501101204,Marco Antonio Villa,Década Perdida: Dez Anos de PT no Poder,Record,2014,História,10,Português,Comum,444,23 x 16 cm,280
9788504018295,John Dickie,Delizia!: A História dos Italianos e sua Comida,Nacional,2013,História,80,Português,Comum,877,24 x 17 cm,328
ND,Moniz Bandeira,Do ideal Socialista ao Socialismo Real: A unificação da Alemanha,Ensaio,1992,História,10,Português,Comum,247,21 x 14 cm,184
9788570563804,Elsa Gonçalves Avancini,Doce Inferno: Açúcar – Guerra e Escravidão no Brasil Holandês (1580-1564),Atual,1991,História,10,Português,Comum,152,21 x 14 cm,98
9788571532342,Flávio Berutti; Adhemar Marques,Ensinar e Aprender História,RHJ,2009,História,10,Português,Comum,358,22 x 16 cm,188
9788570560018,Raymundo Carlos Bandeira Campos,Estudos de História: Antiga e Medieval,Atual,1988,História,10,Português,Comum,380,24 x 17 cm,250
9788441323131,Luigi Franco; Giovanni Zuanazzi; Outros,Grande História Universal: Época Napoleônica,Folio,2007,História,20,Português,Dura,981,29 x 25 cm,126
9788441323094,Luigi Franco; Giovanni Zuanazzi; Outros,Grande História Universal: Fim da Idade Média,Folio,2007,História,20,Português,Dura,952,29 x 25 cm,122
9788441323124,Luigi Franco; Giovanni Zuanazzi; Outros,Grande História Universal: O Absolutismo,Folio,2007,História,20,Português,Dura,965,29 x 25 cm,122
9788441323148,Luigi Franco; Giovanni Zuanazzi; Outros,Grande História Universal: O Século XIX,Folio,2007,História,20,Português,Dura,963,29 x 25 cm,122
ND,Marcelo Grondin,"Haiti: Cultura, Poder e Desenvolvimento (Coleção Tudo é História Vol. 104)",Brasiliense,1985,História,10,Português,Comum,105,16 x 11 cm,102
ND,Raymundo Carlos Bandeira Campos,História da América,Atual,1982,História,10,Português,Comum,402,24 x 17 cm,234
9788585134433,Jaime Pinsky (org.),História da América Através de Textos (Coleção Textos em Documentos Vol. 4),Contexto,1991,História,10,Português,Comum,209,21 x 14 cm,176
ND,José Jobson de A. Arruda,História Moderna e Contempoânea,Atica,1984,História,10,Português,Comum,620,22 x 15 cm,488
ND,Leôncio Basbaum,História Sincera da República,Alfa-Omega,1976,História,10,Português,Comum,290,21 x 14 cm,218
9788574720258,Maria Luiza Andreazza; Sérgio Odilon Nadalin,Imigrantes no Brasil: Colonos e Povoadores (Coleção Revisitando a História),Nova Didática,2000,História,10,Português,Comum,190,27 x 20 cm,44
9788564529564,Tim Dedopulos,"Jogos Medievais: Mais de 60 Enigmas Ambientados na Idade Média, para Desenvolver o Racicínio Lógico",Escala,2013,História,10,Português,Comum,251,24 x 17 cm,112
9788494135361,Fuat Sezgin,Navegantes Mulçulmanos Descobrem o Continente Americano antes de Cristovão Colombo,CST,2017,História,10,Português,Comum,284,22 x 22 cm,72
9788570562883,Marly Rodrigues,O Brasil da Abertura: de 1974 à Constituinte (Coleção História em Documentos),Atual,1990,História,10,Português,Comum,143,21 x 14 cm,90
9788516002367,Paul Singer,"O Capitalismo: Sua Evolução, sua Lógica e sua Dinâmica (Coleção Polêmica)",Moderna,1987,História,10,Português,Comum,124,21 x 14 cm,88
9788516010164,José Chiavenato,O Golpe de 64 e a Ditadura Militar (Coleção Polêmica),Moderna,1994,História,10,Português,Comum,191,21 x 14 cm,136
9788500017766,Roberto Carvalho de Magalhães,O Grande Livro da Arte,Ediouro,2005,História,80,Português,Dura,1131,16 x 12 cm,976
ND,Berta G. Ribeiro,O Índio na História do Brasil,Global,1983,História,10,Português,Comum,252,23 x 16 cm,128
9788538900504,Imke Martens,O Maravilhoso Mundo das Descobertas da Antiguidade ao Século XX,Escala,2009,História,10,Português,Comum,207,21 x 14 cm,128
9788572630375,Edson Alberto Carvalho Ferreira,O Mundo Contemporâneo: As Grandes Mudanças Geopolíticas e Econômicas Ocorridas Após a Segunda Guerra Mundial,Núcleo,1993,História,10,Português,Comum,273,23 x 16 cm,172
9788516004927,Nelson Bacic Olic,Oriente Médio: Um Região de Conflitos (Coleção Polêmica),Moderna,1991,História,10,Português,Comum,132,21 x 14 cm,80
9788508017652,Mustafa Yazbek; Milton Rodrigues Alves,Os Bandeirantes,Atica,1995,História,10,Português,Comum,131,27 x 20 cm,32
9788508145461,Mustafa Yazbek; Milton Rodrigues Alves,Os Bandeirantes,Atica,2010,História,10,Português,Comum,136,27 x 20 cm,40
9788570569769,Egon Heck; Benedito Prezia,Povos Indígenas: Terra é Vida,Atual,1999,História,10,Português,Comum,155,24 x 17 cm,80
ND,Otaviano A. Gaiarsa,"Santo André: Ontem, Hoje, Amanhã",Prefeitura Municipal De Santo André,1991,História,10,Português,Comum,527,22 x 16 cm,362
ND,Alfredo Oscar Salun,Zé Carioca vai à Guerra: Histórias e Memórias sobre a FEB,Edições Pulsar,2004,História,10,Português,Comum,177,21 x 14 cm,120
9786586682007,Alexandre Lince; Ulisses Cintrinitti,Awen: Lendas de Paranapiacaba: Origens,Do Autor,2021,HQs,30,Português,Comum,242,21 x 16 cm,128
9788589961134,Bob Kane; Bill Finger; Dick Sprang; Outros,Batman vs Coringa: Através das Décadas,Opera Graphica,2003,HQs,10,Português,Comum,191,23 x 16 cm,98
ND,J.M. DeMatteis; Kent Williams,Blood: Uma História de Sangue #1,Abril,1990,HQs,10,Português,Comum,85,26 x 17 cm,50
ND,J.M. DeMatteis; Kent Williams,Blood: Uma História de Sangue #2,Abril,1990,HQs,10,Português,Comum,86,26 x 17 cm,50
ND,J.M. DeMatteis; Kent Williams,Blood: Uma História de Sangue #3,Abril,1991,HQs,10,Português,Comum,85,26 x 17 cm,50
ND,J.M. DeMatteis; Kent Williams,Blood: Uma História de Sangue #4,Abril,1991,HQs,10,Português,Comum,86,26 x 17 cm,50
9788586932090,Jeff Smith,Bone 2,Via Lettera,2006,HQs,10,Português,Comum,189,26 x 17 cm,72
ND,Walt Disney,Classici N. 338: Le Storie Piu Belle,Disney,2005,HQs,20,Italiano,Comum,185,18 x 12 cm,242
9788586932335,Alan Moore; Eddie Campbell,Do Inferno 2,Via Lettera,2000,HQs,25,Português,Comum,309,26 x 17 cm,136
9788586932557,Alan Moore; Eddie Campbell,Do Inferno 3,Via Lettera,2001,HQs,30,Português,Comum,364,26 x 17 cm,160
9788586932564,Alan Moore; Eddie Campbell,Do Inferno 4,Via Lettera,2001,HQs,20,Português,Comum,282,26 x 17 cm,120
9786500515046,Benicio Targas; Fernando Silva; Everton Alves; Davi Sena,Do vírus ao Caos,Incendiário,2023,HQs,30,Português,Comum,300,26 x 17 cm,120
9786500812725,Nando Motta; Jay Vaquer,Estrela de um Céu Nublado,Do Autor,2023,HQs,50,Português,Comum,190,30 x 21 cm,46
9788577750610,Warren Ellis; Ben Templesmith,Fell Volume 1 Cidade Brutal,Landscape,2008,HQs,15,Português,Comum,321,24 x 16 cm,152
ND,Murray Ball,Footrot Flats #4,Titan,1992,HQs,50,Inglês,Comum,146,15 x 23 cm,78
ND,Murray Ball,Footrot Flats #7,In Print,1982,HQs,50,Inglês,Comum,159,17 x 27 cm,80
ND,Brian Azzarello; Marcelo Frusin,Hellblazer #156,Vertigo,2001,HQs,10,Inglês,Comum,68,26 x 17 cm,32
ND,Brian Azzarello; Marcelo Frusin,Hellblazer #157,Vertigo,2001,HQs,10,Inglês,Comum,68,26 x 17 cm,32
ND,Brian Azzarello; Marcelo Frusin,Hellblazer #158,Vertigo,2001,HQs,10,Inglês,Comum,67,26 x 17 cm,32
ND,Brian Azzarello; Marcelo Frusin,Hellblazer #159,Vertigo,2001,HQs,10,Inglês,Comum,68,26 x 17 cm,32
ND,Brian Azzarello; Marcelo Frusin,Hellblazer #160,Vertigo,2001,HQs,10,Inglês,Comum,68,26 x 17 cm,32
ND,Brian Azzarello; Marcelo Frusin,Hellblazer #161,Vertigo,2001,HQs,10,Inglês,Comum,68,26 x 17 cm,32
ND,Mike Carey; Marcelo Frusin,Hellblazer #175,Vertigo,2002,HQs,10,Inglês,Comum,74,26 x 17 cm,32
ND,Mike Carey; Marcelo Frusin,Hellblazer #176,Vertigo,2002,HQs,10,Inglês,Comum,74,26 x 17 cm,32
ND,Mike Carey; Marcelo Frusin,Hellblazer #177,Vertigo,2002,HQs,10,Inglês,Comum,73,26 x 17 cm,32
ND,Mike Carey; Marcelo Frusin,Hellblazer #178,Vertigo,2003,HQs,10,Inglês,Comum,79,26 x 17 cm,32
ND,Mike Carey; Marcelo Frusin,Hellblazer #179,Vertigo,2003,HQs,10,Inglês,Comum,78,26 x 17 cm,32
ND,Mike Carey; Marcelo Frusin,Hellblazer #180,Vertigo,2003,HQs,10,Inglês,Comum,74,26 x 17 cm,32
ND,Mike Carey; Marcelo Frusin,Hellblazer #184,Vertigo,2003,HQs,10,Inglês,Comum,73,26 x 17 cm,32
ND,Mike Carey; Marcelo Frusin,Hellblazer #185,Vertigo,2003,HQs,10,Inglês,Comum,74,26 x 17 cm,32
ND,Mike Carey; Marcelo Frusin,Hellblazer #186,Vertigo,2003,HQs,10,Inglês,Comum,73,26 x 17 cm,32
ND,Mike Carey; Marcelo Frusin,Hellblazer #187,Vertigo,2003,HQs,10,Inglês,Comum,74,26 x 17 cm,32
ND,Mike Carey; Marcelo Frusin,Hellblazer #188,Vertigo,2003,HQs,10,Inglês,Comum,73,26 x 17 cm,32
ND,Mike Carey; Marcelo Frusin,Hellblazer #189,Vertigo,2003,HQs,10,Inglês,Comum,79,26 x 17 cm,32
ND,Mike Carey; Marcelo Frusin,Hellblazer #190,Vertigo,2004,HQs,10,Inglês,Comum,83,26 x 17 cm,32
ND,Mike Carey; Marcelo Frusin,Hellblazer #197,Vertigo,2004,HQs,10,Inglês,Comum,73,26 x 17 cm,32
ND,Mike Carey; Marcelo Frusin,Hellblazer #198,Vertigo,2004,HQs,10,Inglês,Comum,74,26 x 17 cm,32
ND,Jamie Delano; Richard Piers Rayner,Hellblazer Especial #1,Tudo Em Quadrinhos,1999,HQs,10,Português,Comum,90,26 x 17 cm,58
ND,Jamie Delano; Richard Piers Rayner,Hellblazer Especial #2,Tudo Em Quadrinhos,1999,HQs,10,Português,Comum,82,26 x 17 cm,48
ND,Jamie Delano; Richard Piers Rayner,Hellblazer Especial #3,Tudo Em Quadrinhos,1999,HQs,10,Português,Comum,80,26 x 17 cm,48
ND,Chris Claremont; J.H. Williams III,Homem-Aranha Gen 13,Abril,1998,HQs,10,Português,Comum,81,26 x 17 cm,48
ND,Jamie Delano; Richard Piers Rayner,John Constantine: Hellblazer #02,Metal Pesado,1998,HQs,10,Português,Comum,90,26 x 17 cm,48
ND,Jamie Delano; Richard Piers Rayner,John Constantine: Hellblazer #03,Metal Pesado,1998,HQs,10,Português,Comum,84,26 x 17 cm,48
ND,Jamie Delano; Richard Piers Rayner,John Constantine: Hellblazer #04,Metal Pesado,1998,HQs,10,Português,Comum,85,26 x 17 cm,48
ND,Jamie Delano; Richard Piers Rayner,John Constantine: Hellblazer #05,Metal Pesado,1998,HQs,10,Português,Comum,86,26 x 17 cm,48
ND,Jamie Delano; Richard Piers Rayner,John Constantine: Hellblazer #06,Metal Pesado,1998,HQs,10,Português,Comum,102,26 x 17 cm,64
ND,Jamie Delano; Richard Piers Rayner,John Constantine: Hellblazer #07,Tudo Em Quadrinhos,1999,HQs,10,Português,Comum,90,26 x 17 cm,48
ND,Jamie Delano; Richard Piers Rayner,John Constantine: Hellblazer #08,Tudo Em Quadrinhos,1999,HQs,10,Português,Comum,82,26 x 17 cm,48
ND,Jamie Delano; Richard Piers Rayner,John Constantine: Hellblazer #09,Tudo Em Quadrinhos,1999,HQs,10,Português,Comum,81,26 x 17 cm,48
ND,Garth Ennis; John Higgins,John Constantine: Hellblazer #10,Tudo Em Quadrinhos,1999,HQs,10,Português,Comum,81,26 x 17 cm,48
ND,Garth Ennis; John Higgins,John Constantine: Hellblazer #11,Tudo Em Quadrinhos,1999,HQs,10,Português,Comum,80,26 x 17 cm,48
ND,Garth Ennis; John Higgins,John Constantine: Hellblazer #12,Tudo Em Quadrinhos,1999,HQs,10,Português,Comum,81,26 x 17 cm,48
ND,Garth Ennis; John Higgins,John Constantine: Hellblazer #13,Tudo Em Quadrinhos,1999,HQs,10,Português,Comum,82,26 x 17 cm,48
ND,Jamie Delano; Richard Piers Rayner,John Constantine: Hellblazer #14,Atitude,1999,HQs,10,Português,Comum,81,26 x 17 cm,48
ND,Jamie Delano; Richard Piers Rayner,John Constantine: Hellblazer #15,Atitude,1999,HQs,10,Português,Comum,81,26 x 17 cm,48
ND,Malika; Eunuquis: Romahs,Khalil #01,Dois Traços,2018,HQs,10,Português,Comum,70,21 x 15 cm,30
ND,Malika; Eunuquis: Romahs,Khalil #02,Dois Traços,2019,HQs,10,Português,Comum,64,21 x 15 cm,30
ND,Malika; Eunuquis: Romahs,Khalil #03,Dois Traços,2019,HQs,10,Português,Comum,63,21 x 15 cm,30
ND,Malika; Eunuquis: Romahs,Khalil #04,Dois Traços,2019,HQs,10,Português,Comum,64,21 x 15 cm,30
ND,Malika; Eunuquis: Romahs,Khalil #05,Dois Traços,2020,HQs,10,Português,Comum,63,21 x 15 cm,30
ND,Malika; Eunuquis: Romahs,Khalil #06,Dois Traços,2020,HQs,10,Português,Comum,64,21 x 15 cm,30
ND,Malika; Eunuquis: Romahs,Khalil #07,Dois Traços,2021,HQs,10,Português,Comum,64,21 x 15 cm,30
ND,Malika; Eunuquis: Romahs,Khalil #08,Dois Traços,2021,HQs,10,Português,Comum,63,21 x 15 cm,30
9788587328076,Klévisson,Lampião… Era o Cavalo do Tempo Atrás de Besta da Vida,Hedra,1999,HQs,10,Português,Comum,185,27 x 20 cm,56
9788575322857,John Stanley; Irving Tripp,Luluzinha: O Clube da Lulu,Devir,2007,HQs,40,Português,Comum,240,24 x 16 cm,104
ND,Steven T. Seagle; Teddy Kristiansen,Mansão dos Segredos #1,Metal Pesado,1998,HQs,15,Português,Comum,67,26 x 17 cm,36
ND,Steven T. Seagle; Teddy Kristiansen,Mansão dos Segredos #2,Metal Pesado,1998,HQs,15,Português,Comum,63,26 x 17 cm,36
ND,Steven T. Seagle; Teddy Kristiansen,Mansão dos Segredos #3,Metal Pesado,1998,HQs,15,Português,Comum,61,26 x 17 cm,36
ND,Steven T. Seagle; Teddy Kristiansen,Mansão dos Segredos #4,Metal Pesado,1998,HQs,15,Português,Comum,69,26 x 17 cm,36
ND,Steven T. Seagle; Teddy Kristiansen,Mansão dos Segredos #5,Metal Pesado,1998,HQs,15,Português,Comum,62,26 x 17 cm,36
9788562525186,Herman Melville; Lance Stahberg; Lalit Kumar Singh,Moby Dick,Farol Literário,2009,HQs,25,Português,Comum,334,26 x 17 cm,88
ND,Neil Gaiman; Chris Bachalo; Mark Buckingham,Morte: O Grande Momento da Vida #1,Abril,1997,HQs,10,Português,Comum,85,26 x 17 cm,28
ND,Neil Gaiman; Chris Bachalo; Mark Buckingham,Morte: O Grande Momento da Vida #2,Abril,1997,HQs,10,Português,Comum,85,26 x 17 cm,28
ND,Neil Gaiman; Chris Bachalo; Mark Buckingham,Morte: O Grande Momento da Vida #3,Abril,1997,HQs,10,Português,Comum,84,26 x 17 cm,28
9788532515605,Maitena,Mulheres Alteradas 2,Rocco,2003,HQs,10,Português,Comum,303,26 x 19 cm,80
ND,Neil Gaiman; Dave McKean,Orquídea Negra #1,Globo,1989,HQs,10,Português,Comum,98,26 x 17 cm,48
ND,Neil Gaiman; Dave McKean,Orquídea Negra #2,Globo,1989,HQs,10,Português,Comum,95,26 x 17 cm,48
ND,Neil Gaiman; Dave McKean,Orquídea Negra #3,Globo,1989,HQs,10,Português,Comum,100,26 x 17 cm,48
ND,Chris Claremont; Salvador Larroca,Os Fabulosos X-Men #34,Abril,1998,HQs,10,Português,Comum,81,26 x 17 cm,48
ND,Chris Claremont; Salvador Larroca,Os Fabulosos X-Men #35,Abril,1998,HQs,10,Português,Comum,81,26 x 17 cm,48
ND,Chris Claremont; Salvador Larroca,Os Fabulosos X-Men #36,Abril,1998,HQs,10,Português,Comum,81,26 x 17 cm,48
ND,Chris Claremont; Salvador Larroca,Os Fabulosos X-Men #37,Abril,1999,HQs,10,Português,Comum,80,26 x 17 cm,48
ND,Chris Claremont; Salvador Larroca,Os Fabulosos X-Men #38,Abril,1999,HQs,10,Português,Comum,82,26 x 17 cm,48
ND,Chris Claremont; Salvador Larroca,Os Fabulosos X-Men #39,Abril,1999,HQs,10,Português,Comum,81,26 x 17 cm,48
ND,Chris Claremont; Salvador Larroca,Os Fabulosos X-Men #40,Abril,1999,HQs,10,Português,Comum,81,26 x 17 cm,48
ND,Chris Claremont; Salvador Larroca,Os Fabulosos X-Men #41,Abril,1999,HQs,10,Português,Comum,81,26 x 17 cm,48
ND,Chris Claremont; Salvador Larroca,Os Fabulosos X-Men #42,Abril,1999,HQs,10,Português,Comum,81,26 x 17 cm,48
ND,Chris Claremont; Salvador Larroca,Os Fabulosos X-Men #43,Abril,1999,HQs,10,Português,Comum,84,26 x 17 cm,48
9788575323830,Gabriel Bá; Becky Cloonan; Vasilis Lolos; Fabio Moon,Pixu,Devir,2009,HQs,15,Português,Comum,268,24 x 16 cm,128
ND,Garth Ennis; Steve Dillon,Preacher #02,Metal Pesado,1998,HQs,10,Português,Comum,65,26 x 17 cm,24
ND,Garth Ennis; Steve Dillon,Preacher #03,Metal Pesado,1998,HQs,10,Português,Comum,65,26 x 14 cm,24
ND,Garth Ennis; Steve Dillon,Preacher #04,Metal Pesado,1998,HQs,10,Português,Comum,65,26 x 17 cm,24
ND,Garth Ennis; Steve Dillon,Preacher #05,Metal Pesado,1998,HQs,10,Português,Comum,67,26 x 17 cm,24
ND,Garth Ennis; Steve Dillon,Preacher #06,Metal Pesado,1998,HQs,10,Português,Comum,63,26 x 17 cm,24
ND,Garth Ennis; Steve Dillon,Preacher #07,Metal Pesado,1998,HQs,10,Português,Comum,64,26 x 17 cm,24
ND,Garth Ennis; Steve Dillon,Preacher #08,Metal Pesado,1998,HQs,10,Português,Comum,62,26 x 17 cm,24
ND,Garth Ennis; Steve Dillon,Preacher #09,Metal Pesado,1998,HQs,10,Português,Comum,61,26 x 17 cm,24
ND,Garth Ennis; Steve Dillon,Preacher #10,Tudo Em Quadrinhos,1999,HQs,10,Português,Comum,71,26 x 17 cm,24
ND,Garth Ennis; Steve Dillon,Preacher #11,Tudo Em Quadrinhos,1999,HQs,10,Português,Comum,62,26 x 17 cm,24
ND,Garth Ennis; Steve Dillon,Preacher #12,Tudo Em Quadrinhos,1999,HQs,10,Português,Comum,75,26 x 17 cm,24
ND,Garth Ennis; Steve Dillon,Preacher #13,Tudo Em Quadrinhos,1999,HQs,10,Português,Comum,62,26 x 17 cm,24
ND,Garth Ennis; Steve Dillon,Preacher #14,Tudo Em Quadrinhos,1999,HQs,10,Português,Comum,59,26 x 17 cm,24
ND,Garth Ennis; Steve Dillon,Preacher #15,Tudo Em Quadrinhos,1999,HQs,10,Português,Comum,81,26 x 17 cm,48
ND,Garth Ennis; Steve Dillon,Preacher #16,Tudo Em Quadrinhos,1999,HQs,10,Português,Comum,81,26 x 17 cm,48
ND,Garth Ennis; Steve Dillon,Preacher #17,Tudo Em Quadrinhos,1999,HQs,10,Português,Comum,81,26 x 17 cm,48
ND,Garth Ennis; Steve Dillon,Preacher #18,Atitude,1999,HQs,10,Português,Comum,80,26 x 17 cm,48
ND,Garth Ennis; Steve Dillon,Preacher Viagem Pro Texas #1,Metal Pesado,1997,HQs,10,Português,Comum,101,26 x 17 cm,64
ND,Garth Ennis; Steve Dillon,Preacher Viagem Pro Texas #2,Metal Pesado,1998,HQs,10,Português,Comum,84,26 x 17 cm,48
9788575326213,Paco Roca,Rugas,Devir,2015,HQs,50,Português,Dura,585,26 x 20 cm,106
ND,Mike Carey; Peter Gross; Steve Leialoha,Sandman Apresenta #1,Brainstore,2002,HQs,15,Português,Comum,115,26 x 17 cm,48
ND,Mike Carey; Peter Gross; Steve Leialoha,Sandman Apresenta #2,Brainstore,2002,HQs,15,Português,Comum,111,26 x 17 cm,48
ND,Mike Carey; Peter Gross; Steve Leialoha,Sandman Apresenta #3,Brainstore,2003,HQs,15,Português,Comum,129,26 x 17 cm,48
ND,Mike Carey; Peter Gross; Steve Leialoha,Sandman Apresenta #4,Brainstore,2003,HQs,15,Português,Comum,110,26 x 17 cm,48
ND,Mike Carey; Peter Gross; Steve Leialoha,Sandman Apresenta #5,Brainstore,2003,HQs,15,Português,Comum,109,26 x 17 cm,48
ND,Mike Carey; Peter Gross; Steve Leialoha,Sandman Apresenta #6,Brainstore,2003,HQs,15,Português,Comum,115,26 x 17 cm,48
ND,Mike Carey; Peter Gross; Steve Leialoha,Sandman Apresenta #7,Brainstore,2003,HQs,15,Português,Comum,115,26 x 17 cm,48
ND,Mike Carey; Peter Gross,Sandman Apresenta Lucifer Cartas na Mesa #1,Brainstore,2002,HQs,10,Português,Comum,129,26 x 17 cm,50
ND,Mike Carey; Peter Gross,Sandman Apresenta Lucifer Cartas na Mesa #2,Brainstore,2002,HQs,10,Português,Comum,114,26 x 17 cm,50
ND,Frank Miller,Sin City a Grande Matança #1,Panda Books,2000,HQs,10,Português,Comum,108,26 x 17 cm,40
ND,Frank Miller,Sin City a Grande Matança #2,Panda Books,2000,HQs,10,Português,Comum,92,26 x 17 cm,40
ND,Frank Miller,Sin City a Grande Matança #3,Panda Books,2001,HQs,10,Português,Comum,94,26 x 17 cm,40
ND,Frank Miller,Sin City a Grande Matança #4,Panda Books,2001,HQs,10,Português,Comum,68,26 x 17 cm,40
ND,Frank Miller,Sin City a Grande Matança #5,Panda Books,2001,HQs,10,Português,Comum,102,26 x 17 cm,40
ND,Peter Milligan; Steve Dillon; Brett Ewins,Skreemer #1,Abril,1990,HQs,10,Português,Comum,84,26 x 17 cm,28
ND,Peter Milligan; Steve Dillon; Brett Ewins,Skreemer #2,Abril,1990,HQs,10,Português,Comum,84,26 x 17 cm,28
ND,Peter Milligan; Steve Dillon; Brett Ewins,Skreemer #3,Abril,1990,HQs,10,Português,Comum,84,26 x 17 cm,28
ND,Peter Milligan; Steve Dillon; Brett Ewins,Skreemer #4,Abril,1990,HQs,10,Português,Comum,84,26 x 17 cm,28
ND,Peter Milligan; Steve Dillon; Brett Ewins,Skreemer #5,Abril,1990,HQs,10,Português,Comum,80,26 x 17 cm,28
ND,Peter Milligan; Steve Dillon; Brett Ewins,Skreemer #6,Abril,1990,HQs,10,Português,Comum,80,26 x 17 cm,28
ND,Garth Ennis; Marc Silvestri; Michael Turner,The Darkness & Witchblade #1,Abril,1990,HQs,10,Português,Comum,94,26 x 17 cm,48
9781401288075,Neil Gaiman; Shawn McManus; Outros,The Sandman Vol. 5: A Game of You 30th Anniversary Edition,DC Black Label,2019,HQs,80,Inglês,Comum,362,26 x 17 cm,192
9781401288464,Neil Gaiman; Bryan Talbot; Outros,The Sandman Vol. 6: Fables & Reflections 30th Anniversary Edition ,DC Black Label,2019,HQs,110,Inglês,Comum,481,26 x 17 cm,264
ND,Chris Claremont; Salvador Larroca,The Uncanny X-Men #385,Marvel Comics,2000,HQs,10,Inglês,Comum,72,26 x 17 cm,40
ND,Chris Claremont; Salvador Larroca,The Uncanny X-Men #386,Marvel Comics,2000,HQs,10,Inglês,Comum,81,26 x 17 cm,40
ND,Chris Claremont; Salvador Larroca,The Uncanny X-Men #387,Marvel Comics,2000,HQs,10,Inglês,Comum,71,26 x 17 cm,40
ND,Dave Gibbons; Kent Williams; Outros,Vertigo #01,Opera Gráphica,2002,HQs,10,Português,Comum,79,26 x 17 cm,28
ND,Bill Sienkiewicz; Bruce Jones; Outros,Vertigo #02,Opera Gráphica,2002,HQs,10,Português,Comum,79,26 x 17 cm,28
ND,Bernie Wrightson; Bruce Jones; Outros,Vertigo #03,Opera Gráphica,2002,HQs,10,Português,Comum,86,26 x 17 cm,28
ND,David Lloyd; Greg Rucka; Outros,Vertigo #04,Opera Gráphica,2002,HQs,10,Português,Comum,78,26 x 17 cm,28
ND,Brian Azzarello; Paul Pope; Outros,Vertigo #05,Opera Gráphica,2002,HQs,10,Português,Comum,87,26 x 17 cm,28
ND,Jim Lee; Richard Corben; Outros,Vertigo #06,Opera Gráphica,2002,HQs,10,Português,Comum,86,26 x 17 cm,28
ND,Grant Morrison; Eduardo Risso; Outros,Vertigo #07,Opera Gráphica,2003,HQs,10,Português,Comum,79,26 x 17 cm,28
ND,Paul Gulacy; Bruce Jones; Outros,Vertigo #09,Opera Gráphica,2003,HQs,10,Português,Comum,78,26 x 17 cm,28
ND,Peter Milligan; Chris Weston; Outros,Vertigo #10,Opera Gráphica,2003,HQs,10,Português,Comum,79,26 x 17 cm,28
ND,Scott Lobdell; Jim Lee; Scott Williams,Wildcats X-Men #2,Abril,1998,HQs,10,Português,Comum,93,26 x 17 cm,48
ND,Alan Davis; Adam Kubert,X-Men 1: Super-Heróis Premium,Abril,2000,HQs,10,Português,Comum,252,26 x 17 cm,162
ND,Joe Pruett; Brandon Peterson,X-Men 2: Super-Heróis Premium,Abril,2000,HQs,10,Português,Comum,261,26 x 17 cm,162
9788538077060,Dean Gray; Justine Ablett,10 Piratas Animados,Ciranda Cultural,2017,Infantojuvenis,10,Português,Dura,429,23 x 23 cm,18
9788536822402,Disney,"60 Histórias para Dormir, Vol. 5",Dlc,2017,Infantojuvenis,10,Português,Comum,110,23 x 17 cm,64
9786586777390,Zastras,A Abelhinha Preguiçosa,Zastras,2023,Infantojuvenis,10,Português,Dura,308,16 x 19 cm,6
9788506039977,Pedro Bandeira; Cárcamo,A Baleiazinha,Melhoramentos,2003,Infantojuvenis,10,Português,Comum,97,24 x 17 cm,24
9788511190014,Monteiro Lobato,A Chave do Tamanho,Brasiliense,1997,Infantojuvenis,10,Português,Comum,249,28 x 21 cm,88
9788515038954,Sandra Sahd; Lucas Sahd; Luan Vieira,A Escola do Moço no Portão,Loyola,2012,Infantojuvenis,10,Português,Comum,114,21 x 19 cm,24
9788592689704,Auzou; Amandine Notaert,A Fazenda,Catapulta Editores Ltda.,2019,Infantojuvenis,10,Português,Dura,427,20 x 20 cm,12
9788460492030,Leopoldo Leal; Ana Cristina Puttini,A Ilha Tipográfica,Olhares,2008,Infantojuvenis,10,Português,Dura,260,23 x 17 cm,48
ND,Nicolas Behr,A Lenda do Menino Lambari,Do Autor,ND,Infantojuvenis,10,Português,Comum,224,21 x 15 cm,132
9788503011365,Ferreira Gullar,A Menina Cláudia e o Rinoceronte,José Olympio,2013,Infantojuvenis,10,Português,Dura,278,20 x 26 cm,48
9788570563330,Ganymédes José; Marco Aragao,Adoráveis Vigaristas,Atual,1991,Infantojuvenis,10,Português,Comum,166,21 x 14 cm,106
9788521315599,David Bedford; Karen Sapp,"Alfeu, o Ursinho Que Não Sabia Nadar",Zastras,2010,Infantojuvenis,10,Português,Dura,470,28 x 26 cm,24
9788520919446,Siobhan Parkinson,Alguma Coisa Invisível,Nova Fronteira,2006,Infantojuvenis,10,Português,Comum,215,21 x 14 cm,154
9788575961407,Elias Jose; Taisa Borges,Alice no Pais da Poesia,Peiropolis,2009,Infantojuvenis,10,Português,Comum,253,23 x 25 cm,54
9788537801727,Lewis Carroll,Alice: Edição Bolso de Luxo,Companhia das Letras,2009,Infantojuvenis,30,Português,Dura,358,18 x 13 cm,320
9788538081753,Jayne Schofield,Amigos do Oceano,Ciranda Cultural,2022,Infantojuvenis,10,Português,Dura,244,18 x 20 cm,12
9789587240009,Celso Román,"Animores, Animales y Amores",Libros & Libros,2009,Infantojuvenis,10,Espanhol,Comum,140,20 x 13 cm,96
9788526215382,Augusto Magalhaes; Nery Paterno,As Amigas e as Sombras,Scipione,1992,Infantojuvenis,10,Português,Comum,124,22 x 19 cm,32
9788587645296,Eunice Garcia; Monica C. Garcia,As Aventuras de Briny e Spify no Planeta Terra,Adonis,2005,Infantojuvenis,10,Português,Comum,160,30 x 21 cm,32
9788567028934,Juliana Baltar,As Aventuras de Juliana Baltar,Única,2016,Infantojuvenis,10,Português,Comum,210,20 x 13 cm,128
9788576762201,Alison Inches; Leslie Valdes; Warner Mcgee,Backyardigans: Náufragos!,Fundamento,2007,Infantojuvenis,10,Português,Comum,107,23 x 16 cm,26
9788538059905,Elise Allen,Barbie: a Princesa Pop Star,Ciranda Cultural,2015,Infantojuvenis,10,Português,Comum,100,27 x 21 cm,16
9788538059950,Elise Allen,Barbie: as Três Mosqueteiras,Ciranda Cultural,2015,Infantojuvenis,10,Português,Comum,100,27 x 21 cm,16
9788538059929,Elise Allen,Barbie: Escola de Princesas,Ciranda Cultural,2015,Infantojuvenis,10,Português,Comum,100,27 x 21 cm,16
9788538059943,Elise Allen,Barbie: Moda e Magia,Ciranda Cultural,2015,Infantojuvenis,10,Português,Comum,100,27 x 21 cm,16
ND,Monteiro Lobato,Caçadas de Pedrinho; Hans Standen,Círculo do Livro,1985,Infantojuvenis,10,Português,Dura,344,22 x 14 cm,186
ND,Lilia Malferrari,Camilinha e São Jorge,Melhoramentos,1979,Infantojuvenis,10,Português,Comum,149,20 x 13 cm,96
9788570564252,Elias José; Renata Stahel,Cantigas de Adolescer,Atual,1992,Infantojuvenis,10,Português,Comum,118,21 x 14 cm,60
9788534919357,Michaelene Mundy; R. W. Alley,Chega de Estresse!,Paulus,2004,Infantojuvenis,10,Português,Comum,143,20 x 20 cm,32
9788506026014,Nick Arnold,"Ciência Horrível: Sangue, Ossos e Pedacinhos",Melhoramentos,2010,Infantojuvenis,10,Português,Comum,256,21 x 14 cm,160
9788575032169,Arthur Nestrovski; Maria Eugenia,Coisas Que Eu Queria Ser,Cosac & Naify,2003,Infantojuvenis,10,Português,Dura,305,24 x 16 cm,56
9788426401625,Quino,Cómo Va El Planeta?,Lumen,2014,Infantojuvenis,10,Espanhol,Dura,280,21 x 19 cm,18
9788599500026,Renata Cajado; Lia Nasser,Contos e Rimas para Meninos e Meninas,Funcação Sticker,2005,Infantojuvenis,10,Português,Dura,360,25 x 25 cm,60
9788516000806,Marcia Kupstas,Crescer é Perigoso,Moderna,1986,Infantojuvenis,10,Português,Comum,151,21 x 14 cm,104
9788587140227,Marta D. Martins; Tania Ricci,De Mãos Dadas,Cuca Fresca,2008,Infantojuvenis,10,Português,Comum,153,26 x 21 cm,24
9788550301884,Eric Geron,Descendentes 2,Universo dos Livros,2017,Infantojuvenis,10,Português,Comum,262,23 x 16 cm,206
9788532275202,Renata Bueno,Desmontando o Boto,Ftd,2010,Infantojuvenis,10,Português,Dura,208,20 x 20 cm,18
9788540503007,Henning Wiesner; Gunter Mattei; Walli Muller,Dinossauros Podem Ser Adestrados?,Cosac & Naify,2013,Infantojuvenis,10,Português,Comum,282,18 x 14 cm,224
9786586777130,Jonny Marx; Zoe Waring,Duda Descobre: os Esportes,Tiger Tales,2020,Infantojuvenis,10,Português,Dura,167,14 x 14 cm,14
9788589598583,Ivana Fricke Rebello; Andre Ceolin,Estátua de Menino,Roda & Cia,2014,Infantojuvenis,10,Português,Comum,238,24 x 17 cm,96
9788566777017,Laura Borges-fagundes; Marcia Cattoi,Estrela do Brooklin,Bateia,2013,Infantojuvenis,10,Português,Comum,124,20 x 20 cm,20
9780316113571,Tonya Hurley,Ghostgirl,Little Brown Usa,2008,Infantojuvenis,30,Inglês,Dura,691,24 x 14 cm,328
9788538008194,Ciranda Cultural,Goldilocks Cachinhos Dourados,Ciranda Cultural,2010,Infantojuvenis,10,Português,Comum,204,23 x 24 cm,36
9788585445119,Toni Brandão,Grogue,Studio Nobel,1994,Infantojuvenis,10,Português,Comum,240,23 x 14 cm,150
9788570567512,Lino de Albergaria; Fabio Moraes,Guerra na Biblioteca,Atual,1995,Infantojuvenis,10,Português,Comum,140,21 x 14 cm,82
ND,Gakken,Hello World #1,Gakken,ND,Infantojuvenis,10,Japonês,Comum,344,30 x 21 cm,62
ND,Monteiro Lobato,História do Mundo para Crianças,Círculo do Livro,1985,Infantojuvenis,10,Português,Dura,471,22 x 14 cm,300
9788570562463,Marcia Kupstas,Histórias da Turma,Atual,1989,Infantojuvenis,10,Português,Comum,183,21 x 14 cm,128
9788570562463,Marcia Kupstas; Cláudia Scatamacchia,Histórias da Turma,Atual,1989,Infantojuvenis,10,Português,Comum,180,21 x 14 cm,128
9788528104639,Francois Ruyer; Outros,Histórias para Devorar 2,Salamandra,ND,Infantojuvenis,10,Português,Dura,858,30 x 23 cm,134
9788592689735,Auzou; Camille Loiselet,Hora de Nanar,Catapulta Editores Ltda.,2019,Infantojuvenis,10,Português,Dura,407,20 x 20 cm,12
9781407132693,Fiona Foden,How to Be Gorgeous,Scholastic,2012,Infantojuvenis,10,Inglês,Comum,240,19 x 15 cm,192
9788516008062,Maria de Lourdes Krieger,Irmão-sanduíche,Moderna,1993,Infantojuvenis,10,Português,Comum,100,21 x 14 cm,48
9788599106440,Nova Leitura,Livro de Dobraduras,Nova Leitura,ND,Infantojuvenis,10,Português,Dura,521,28 x 21 cm,130
9786586292084,Mayara Lucas,Luiza Quer Ser Princesa,Criancas Diversas,2020,Infantojuvenis,10,Português,Comum,75,20 x 20 cm,16
9788578161514,Mempo Giardinelli; Luisa Amoroso,Luli: uma Gatinha da Cidade,Terceiro Nome,2015,Infantojuvenis,10,Português,Comum,104,19 x 14 cm,48
9788526226814,Maria Heloisa Penteado; Daisy Startari,Marcus Robô,Scopione,1995,Infantojuvenis,10,Português,Comum,125,21 x 15 cm,48
9788555501753,Stevan Richter,Meu Dia a Dia,Vale das Letras Ltda,2022,Infantojuvenis,10,Português,Dura,232,19 x 19 cm,10
9781409574187,Sam Lake,Minha Galeria de Arte Com Adesivos Intactos,Usborne,2014,Infantojuvenis,10,Português,Comum,239,25 x 21 cm,44
9788539424511,Macmillan,Mini Exploradores: Animais Selvagens,Campbell,2018,Infantojuvenis,10,Português,Dura,333,18 x 18 cm,10
ND,Bayard,Mini Jaime Lire: Maxi Blagues,Bayard,ND,Infantojuvenis,10,Francês,Comum,174,14 x 14 cm,162
9788599117606,Anny Christina Lima,Minialmanaque de Viagem no Tempo para Superexploradores,Pinacoteca do Estado,2011,Infantojuvenis,10,Português,Comum,250,25 x 18 cm,64
9786555300703,Equipe Make Believe Ideas,Não Alimente o Tubarão!,Girassol,2021,Infantojuvenis,10,Português,Dura,287,18 x 18 cm,6
9788532518514,Thierry Aprile; Francois Place,Nos Passos Dos... Piratas,Rocco,2005,Infantojuvenis,10,Português,Dura,300,21 x 16 cm,128
9788500024238,Ediouro,O Caracol Tímido,Ediouro,2007,Infantojuvenis,10,Português,Dura,370,27 x 20 cm,12
9788592689728,Auzou; Melisande Luthringer,O Corpo,Catapulta Editores Ltda.,2019,Infantojuvenis,10,Português,Dura,430,20 x 20 cm,12
9788516008161,Álvaro Cardoso Gomes; Gisé,O Gato de Papelão,Moderna,1993,Infantojuvenis,10,Português,Comum,100,21 x 14 cm,48
9788573585087,Mário Souto Maior; Helvio Avelar,O Grande Livro das Adivinhações,Leitura,2002,Infantojuvenis,10,Português,Dura,649,28 x 21 cm,128
9788578161521,Rodrigo Naves; Luisa Amoroso,O Lendário Duelo Entre a Siriema e a Cascavel,Terceiro Nome,2015,Infantojuvenis,10,Português,Comum,163,25 x 19 cm,32
9788539400591,Ray Bryant,O Livro Do... Como?,Girassol,2010,Infantojuvenis,10,Português,Dura,399,21 x 21 cm,64
9788501018359,Marco Tulio Costa,O Mágico Desinventor,Record,1992,Infantojuvenis,10,Português,Comum,250,21 x 14 cm,192
ND,Lourenço Cazarré,O Mistério da Obra-prima,Atual,1986,Infantojuvenis,10,Português,Comum,90,21 x 14 cm,84
9788599851562,Ziraldo,O Olho do Consumidor,Mapa,2009,Infantojuvenis,10,Português,Comum,85,20 x 14 cm,32
9788573892208,Todolivro,O Pequeno Polegar,Todolivro,2000,Infantojuvenis,10,Português,Comum,50,20 x 13 cm,20
ND,Monteiro Lobato,O Poço do Visconde,Círculo do Livro,1985,Infantojuvenis,10,Português,Dura,365,22 x 14 cm,200
9788516004248,Teresa Noronha; Henrique Farias,O Porão Mal-assombrado,Moderna,1987,Infantojuvenis,10,Português,Comum,57,21 x 14 cm,24
9788503001137,Paula Saldanha,O Praça Quinze,José Olympio,1994,Infantojuvenis,10,Português,Comum,177,23 x 16 cm,84
9788532902733,Guimar Paiva Brandao; Rosa Schettino,O Regime da Lua,Le,1997,Infantojuvenis,10,Português,Comum,75,20 x 14 cm,32
9788516011796,Jesse Navarro; Marcia Melo,O Rio do Destino,Moderna,1995,Infantojuvenis,10,Português,Comum,100,21 x 14 cm,80
9788570568465,Diorindo Lopes Júnior,O Sol Em Capricórnio,Atual,1996,Infantojuvenis,10,Português,Comum,242,23 x 16 cm,156
9788535634365,José Arrabal; Andrea Vilela,O Terrível Gosmakente,Paulinas,2013,Infantojuvenis,10,Português,Comum,412,27 x 20 cm,88
9788501059581,Gabriel Garcia Marquez; Carme Sole Vendrell,O Verão Feliz da Senhora Forbes,Record,2002,Infantojuvenis,10,Português,Dura,362,28 x 20 cm,34
9788526217287,Stella Carr,O Vírus Vermelho,Scipione,1997,Infantojuvenis,10,Português,Comum,128,21 x 14 cm,88
9786558884859,Pé da Letra,"Olhinhos Curiosos - Lili, a Borboleta",Pé da Letra,2023,Infantojuvenis,10,Português,Dura,116,16 x 19 cm,8
9788576769668,Mark Macleod; Kirrily Achell,Onde Deus Está?,Fundamento,2011,Infantojuvenis,10,Português,Comum,166,23 x 24 cm,32
9788579130168,Patricia Aquino; Paulo Masserani,Ortografando,Adonis,2009,Infantojuvenis,10,Português,Comum,125,20 x 20 cm,52
9788562403170,Nelson Cruz,Os Herdeiros do Lobo,UDP,2009,Infantojuvenis,50,Português,Comum,270,28 x 22 cm,48
9788531210754,Assis Brasil,Os Jovens Gênios: os Cientistas,Imago,2011,Infantojuvenis,10,Português,Comum,160,21 x 14 cm,112
9788539402304,Equipe Girassol,Os Três Porquinhos,Girassol,2010,Infantojuvenis,10,Português,Comum,54,18 x 13 cm,16
9788594722102,Culturama,Os Três Porquinhos - Coleção Livro Sonoro,Culturama,2019,Infantojuvenis,10,Português,Dura,272,19 x 19 cm,12
9788508001217,Paulo Mendes Campos; Rubem Braga; Outros,Para Gostar de Ler Volume 3 - Crônicas,Ática,1992,Infantojuvenis,10,Português,Comum,110,21 x 14 cm,78
9788524911279,Walter Sardinha; Lúcia Hiratsuka,"Pécus, um Amigo Muito Especial",Cortez,2005,Infantojuvenis,10,Português,Comum,160,21 x 14 cm,104
9788594725554,Culturama,Peter Pan - Coleção Livros Sonoros,Culturama,2019,Infantojuvenis,10,Português,Dura,274,19 x 19 cm,12
9788506015179,Disney,Pinóquio,Melhoramentos,1998,Infantojuvenis,10,Português,Comum,62,21 x 16 cm,16
9788543211770,Priscila Sipans,Procurando Bichinhos,Online,ND,Infantojuvenis,10,Português,Comum,119,27 x 20 cm,32
9788572630757,Cristina Mega,Profélio Murigátio: um Encontro do Outro Mundo,Nucleo,1994,Infantojuvenis,10,Português,Comum,120,23 x 16 cm,72
9788526216839,Stella Carr,Quem Tem Medo Fica de Fora!,Scipione,1995,Infantojuvenis,10,Português,Comum,93,21 x 14 cm,56
ND,Monteiro Lobato,Reinações de Narizinho,Círculo do Livro,1985,Infantojuvenis,10,Português,Dura,487,22 x 14 cm,310
9788426143389,Patrick George,Rescate Animal,Juventud,2016,Infantojuvenis,10,Espanhol,Dura,400,20 x 23 cm,30
8516006670,Ricardo Azevedo,Se Eu Fosse um Tomate,Moderna,1992,Infantojuvenis,10,Português,Comum,73,21 x 14 cm,32
9788570569080,Fanny Abramovich; Elisabeth Teixeira,Segredos Secretos,Atual,1997,Infantojuvenis,10,Português,Comum,100,24 x 17 cm,32
9788538092902,Susie Brooks,Sentimentos,Ciranda Cultural,2021,Infantojuvenis,10,Português,Dura,199,18 x 18 cm,8
ND,Monteiro Lobato,Serões de Dona Benta,Círculo do Livro,1985,Infantojuvenis,10,Português,Dura,381,22 x 14 cm,212
9788503001649,Eliane Ganem; Regina Yolanda,Sigismundo do Mundo Amarelo,José Olympio,1987,Infantojuvenis,10,Português,Comum,158,23 x 16 cm,58
ND,Giselda Laporta Nicolelis,Sonhar é Possível?,Brasiliense,1985,Infantojuvenis,10,Português,Comum,107,21 x 14 cm,84
9788576762379,Christine Harris,Spy Girl: Perigo,Fundamento,2008,Infantojuvenis,10,Português,Comum,321,23 x 16 cm,128
ND,Ricardo Azevedo,"Ta Vendo uma Velhora de Oculos, Chinelo e Vestido Azul de Bolinha...",Fdt,1987,Infantojuvenis,10,Português,Comum,70,21 x 14 cm,24
9788484442233,Irving; Gonzalez; Vera,Tales of the Alhambra For Children,Comares,2000,Infantojuvenis,30,Inglês,Comum,556,24 x 16 cm,178
9780545291514,K. A. Applegate,The Invasion,Scholastic,2011,Infantojuvenis,10,Inglês,Comum,170,19 x 13 cm,185
9781481471879,Melanie Crowder,Three Pennies,Atheneum,2017,Infantojuvenis,10,Inglês,Dura,330,22 x 15 cm,182
9780763660512,Stephan Pastis,Timmy Failure #2,Candlewick,2014,Infantojuvenis,10,Inglês,Dura,490,21 x 14 cm,276
9780545317047,Eva Gray,Tomorrow Girls: Set Me Free,Scholastic,2011,Infantojuvenis,10,Inglês,Comum,190,19 x 13 cm,230
9788538001225,Ciranda Cultural,"Truques de Mágica: Com Muitas Atrações, Truques e Ilusionismo",Ciranda Cultural,2012,Infantojuvenis,10,Português,Dura,540,28 x 25 cm,64
9788522013319,Cláudia Felício,Tudo Sobre Garotas,Agir,2011,Infantojuvenis,10,Português,Comum,173,21 x 14 cm,104
9788539501199,Peter Whitfield; Nancy Bevington,Turma da Sabedoria: para Cima e para Baixo,Fundamento,2011,Infantojuvenis,10,Português,Comum,149,23 x 25 cm,28
9788586295065,Hardy Guedes; Márcia Széliga,Um Fio de Linha Contra o Monstro do Labirinto,Hgf,1997,Infantojuvenis,10,Português,Comum,100,21 x 21 cm,24
9788592550028,Deuceli Kwiatkowski; Ariana Oliveira de Camargo,Um Menino Chamado Luigi,Santa Marcelina,2018,Infantojuvenis,10,Português,Comum,190,24 x 18 cm,54
9788501004765,Lucília Junqueira de Almeida Prado,Uma Rua Como Aquela,Record,1996,Infantojuvenis,10,Português,Comum,212,21 x 14 cm,162
9788556321732,Monica Kranz Schechner Lynn,Urban Legends,Red Ballon,2017,Infantojuvenis,10,Português,Comum,160,24 x 19 cm,64
9788555402197,Isabela Bittencourt Starepravo; Carla Lado B,Vovô Brasílio: Papy Brasílio,Inverso,2019,Infantojuvenis,10,Português,Comum,140,22 x 22 cm,24
9788561893194,Yuri Diógenes; Daniel Mauser,Certificação Security+: Da Prática Para o Exame SYO-301,Novaterra,2013,Informática,60,Português,Comum,761,23 x 17 cm,448
9788575222126,Aurélio Marinho Jargas,Expressões Regulares: Uma Abordagem Divertida,Novatec,2008,Informática,20,Português,Comum,329,23 x 16 cm,208
9788575221525,Aurélio Marinho Jargas,Shell Script Profissional,Novatec,2008,Informática,60,Português,Comum,801,24 x 17 cm,480
9788535255348,Ram Charan; Stephen Drotter; James Noel,Pipeline de Lidenrança,Elsevier,2012,Negócios,30,Português,Comum,481,23 x 16 cm,312
9788508135448,Marlene Carvalho,Primeiras Letras: Alfabetização de Jovens e Adultos em Espaços Populares,Atica,2010,Pedagogia,20,Português,Comum,231,21 x 14 cm,176
9788536625737,Manoel Ianzer,A Internet Tomou Conta do Planeta Terra...,Scortecci,2012,Poesia,10,Português,Comum,150,21 x 14 cm,94
9788577183746,Sandra Lya,Asas,All Print,2009,Poesia,10,Português,Comum,210,21 x 14 cm,144
9788528606829,Thiago de Mello,Campo de Milagres,Bertrand Brasil,1998,Poesia,10,Português,Comum,409,23 x 16 cm,240
ND,Judas Isgorogota,Cantos da Visitação,Oriente,1970,Poesia,10,Português,Comum,225,18 x 12 cm,196
9788590110217,Roberto Araujo,Cavalo Lírico,Santa Edwiges,1999,Poesia,10,Português,Comum,192,14 x 21 cm,120
9788599267837,Guaraciaba Micheletti,Ecos da Alma: Antologia de Poemas,Andross,2010,Poesia,10,Português,Comum,340,21 x 15 cm,252
9788590835905,Janete Nardello,Essência de Mulher,Do Autor,2010,Poesia,10,Português,Comum,345,19 x 14 cm,300
9788536624891,Adriane Dias Bueno,Estranhamento,Scortecci,2012,Poesia,10,Português,Comum,110,21 x 14 cm,52
ND,Joao Aniceto da Silva,Flores Poesia,Bable,ND,Poesia,10,Português,Comum,170,21 x 14 cm,118
9788582974315,Kiko Cesar,Inevitável Ano,Patuá,2017,Poesia,10,Português,Comum,380,24 x 18 cm,184
ND,Camões,Lírica,Cultrix,1968,Poesia,10,Português,Comum,257,20 x 13 cm,214
9788589909471,Renato Antônio de Castro Zampieri,Memórias de uma Paixão,Factash,2007,Poesia,10,Português,Comum,200,21 x 14 cm,130
9788599909089,Célio Conrado Rodrigues,O Poema Que Não Escrevi...,Vox,2016,Poesia,10,Português,Comum,250,22 x 15 cm,144
ND,Vários Autores,Ordem da Confraria dos Poetas - Série 3,Shan,ND,Poesia,10,Português,Comum,267,21 x 14 cm,198
ND,Jane Blumberg,Paisagem Íntima,Versos,1962,Poesia,10,Português,Comum,139,18 x 13 cm,64
ND,Fernando Sérgio Lyra,Planos de Gaivota,Escrituras,ND,Poesia,10,Português,Dura,250,18 x 13 cm,112
9788536625843,Marizia Cezar,Poemas do Amor: a Paz,Scortecci,2012,Poesia,10,Português,Comum,97,21 x 14 cm,40
9788561159085,Sisenando Pereira do Vale,Poemas do Verso: Busca,Onix,2008,Poesia,10,Português,Comum,190,21 x 14 cm,114
9788561159009,Sisenando Pereira do Vale,Poemas do Verso: Lembranças,Onix,2007,Poesia,10,Português,Comum,220,21 x 14 cm,144
9788582977750,Geraldo Lavigne de Lemos,Poética da Existência,Patuá,2019,Poesia,10,Português,Comum,200,21 x 14 cm,108
9786558645528,Geraldo Lavigne de Lemos,Primeira Poesia Revisitada,Patuá,2023,Poesia,10,Português,Comum,530,23 x 16 cm,274
ND,Luana Przewodowski,Quinze,Scortecci,ND,Poesia,10,Português,Comum,121,20 x 14 cm,74
9788536625225,Nathan de Castro,Sede de Voar,Scortecci,2012,Poesia,10,Português,Comum,190,21 x 14 cm,120
ND,Henrique Campos Sangiorgi,Ser de Luz,Littera Maciel,1985,Poesia,10,Português,Comum,206,22 x 15 cm,110
9788567620565,Felipe Turner,Sinfonia do Caos,Book Express,2015,Poesia,10,Português,Comum,100,21 x 14 cm,56
9788572630801,Manuel Maria Barbosa Du Bocage,Sonetos de Bocage,Nucleo,1995,Poesia,10,Português,Comum,90,15 x 10 cm,100
9788580200140,Danilo dos Santos Marcello; Lucas,Tesouro,Nelpa,2010,Poesia,10,Português,Comum,110,21 x 14 cm,82
ND,Bas de Bont,Tussen Neus En Lippen,Kunsfmarkt,1963,Poesia,10,Holandês,Comum,65,16 x 12 cm,32
9788564586666,M. Zelia de Marqui Citeli,Vi da Vida,Intermeios,2014,Poesia,10,Português,Comum,480,23 x 16 cm,298
9788500001316,Manuel Bandeira,Vou-me Embora para Pasárgada e Outros Poemas,Ediouro,1997,Poesia,10,Português,Comum,70,15 x 10 cm,112
ND,O Príncipe,Maquiavel,Bertrand Brasil,1990,Política,10,Português,Comum,242,21 x 14 cm,160
ND,Dr. Abdulrahman al-Sheha,A Mensagem do Islam,Muslim,ND,Religião,10,Português,Comum,259,21 x 14 cm,216
9780987589156,Muhammad,Biografia e Guia Ilustrado dos Fundamentos Morais da Civilização Islâmica,ISRA,2014,Religião,10,Português,Comum,193,15 x 11 cm,272
9788538900245,Escala,Histórias de Religião e Fé,Escala,2009,Religião,10,Português,Comum,206,20 x 14 cm,128
9788538901464,Fernando Moretti,Maçonaria: Ritos e Valores,Escala,2012,Religião,80,Português,Comum,252,23 x 16 cm,176
ND,Dr. Abdulrahman al-Sheha,"Muhammad, O Mensageiro de Deus",Islamhouse,2007,Religião,10,Português,Comum,114,21 x 14 cm,76
9788563965004,Wagner de Assis,Nosso Lar: Bastidores do Filme,FEB,2010,Religião,10,Português,Comum,602,23 x 16 cm,256
ND,Samir El Hayek (trad.),Os Significados dos Versículos do Alcorão Sagrado,FAMBRAS,ND,Religião,20,Português,Comum,404,19 x 14 cm,544
ND,Vários Autores,Presente Diário Vol. 26: Um Devocional Para Aqueles que Buscam Deus,RTM,2023,Religião,10,Português,Comum,253,17 x 11 cm,384
9788960522333,I. A. Ibrahim,Um Breve Guia Ilustrado Para Compreender o Islã,Darussalam,2008,Religião,10,Português,Comum,165,21 x 14 cm,72
9788564065178,Rorion Gracie,A Dieta Gracie: O Segredo dos Campeões,Benvirá,2012,Saúde,10,Português,Comum,193,19 x 13 cm,176
ND,Antônio Jordão Netto,A Evolução das Idéias Sociais,McGraw-Hill,1988,Sociologia,10,Português,Comum,222,23 x 16 cm,118
ND,Horácio Gonzáles,O que é Subdesenvolvimento (Coleção Primeiro Passos Vol. 14),Brasiliense,1985,Sociologia,10,Português,Comum,118,16 x 11 cm,128
ND,Federico García Lorca,A Casa de Bernarda Alba,LDA,1988,Teatro,10,Português,Comum,88,18 x 13 cm,96
9788598581057,Alberico Rodrigues,A Evolução do Zé Batalha: Teatro Rural Brasileiro,Mentes Raras,2008,Teatro,10,Português,Comum,83,21 x 16 cm,26
ND,Sófocles,Édipo Rei,LDA,1988,Teatro,10,Português,Comum,90,18 x 13 cm,96
ND,Molière,Escola de Mulheres,LDA,1988,Teatro,10,Português,Comum,90,18 x 13 cm,96
9788581082417,Luiz Salem,Gozados,Giostri,2013,Teatro,10,Português,Comum,170,21 x 14 cm,94
9788500913914,Dias Gomes,Pagador de Promessas,Ediouro,ND,Teatro,10,Português,Comum,135,21 x 12 cm,98
